qc_section	project_id	project_code	metric	value
global	ALL	ALL	absolute_purity_ploidy_file_status	local
global	ALL	ALL	arm_calls_aneuploidy_file_status	local
global	ALL	ALL	samples_with_purity	9516
global	ALL	ALL	samples_with_ploidy	9516
global	ALL	ALL	samples_with_aneuploidy_score	9667
global	ALL	ALL	samples_with_arm_level_calls	9667
global	ALL	ALL	samples_with_purity_ploidy_data	9516
global	ALL	ALL	samples_with_aneuploidy_or_copy_number_data	9667
global	ALL	ALL	samples_with_copy_number_segment_data	0
global	ALL	ALL	tcga_projects_with_copy_number_or_purity_data	33
global	ALL	ALL	expected_tcga_projects_missing_copy_number_or_purity	0
global	ALL	ALL	missing_tcga_projects_copy_number_or_purity	none
global	ALL	ALL	mutation_layer_samples	10201
global	ALL	ALL	mutation_layer_samples_overlapping_purity_ploidy	9516
global	ALL	ALL	mutation_layer_samples_overlapping_copy_number_features	9667
global	ALL	ALL	percent_mutation_layer_samples_with_purity_ploidy	93.2850
global	ALL	ALL	percent_mutation_layer_samples_with_copy_number_features	94.7652
global	ALL	ALL	local_or_downloaded_source_files_used	PANCAN_ArmCallsAndAneuploidyScore_092817.txt;TCGA_mastercalls.abs_tables_JSedit.fixed.txt
global	ALL	ALL	parsing_warnings	none
per_project	TCGA-ACC	ACC	n_samples	92
per_project	TCGA-ACC	ACC	median_purity	0.84
per_project	TCGA-ACC	ACC	median_ploidy	2.54
per_project	TCGA-ACC	ACC	median_aneuploidy_score	17
per_project	TCGA-ACC	ACC	median_fraction_genome_altered	NA
per_project	TCGA-ACC	ACC	missingness_purity	0.0326086956521739
per_project	TCGA-ACC	ACC	missingness_ploidy	0.0326086956521739
per_project	TCGA-ACC	ACC	missingness_aneuploidy_score	0.0326086956521739
per_project	TCGA-ACC	ACC	missingness_fraction_genome_altered	1
per_project	TCGA-ACC	ACC	missingness_arm_gain_count	0.0326086956521739
per_project	TCGA-ACC	ACC	missingness_arm_loss_count	0.0326086956521739
per_project	TCGA-ACC	ACC	missingness_total_arm_alteration_count	0.0326086956521739
per_project	TCGA-BLCA	BLCA	n_samples	411
per_project	TCGA-BLCA	BLCA	median_purity	0.61
per_project	TCGA-BLCA	BLCA	median_ploidy	2.99
per_project	TCGA-BLCA	BLCA	median_aneuploidy_score	14
per_project	TCGA-BLCA	BLCA	median_fraction_genome_altered	NA
per_project	TCGA-BLCA	BLCA	missingness_purity	0.024330900243309
per_project	TCGA-BLCA	BLCA	missingness_ploidy	0.024330900243309
per_project	TCGA-BLCA	BLCA	missingness_aneuploidy_score	0.024330900243309
per_project	TCGA-BLCA	BLCA	missingness_fraction_genome_altered	1
per_project	TCGA-BLCA	BLCA	missingness_arm_gain_count	0.024330900243309
per_project	TCGA-BLCA	BLCA	missingness_arm_loss_count	0.024330900243309
per_project	TCGA-BLCA	BLCA	missingness_total_arm_alteration_count	0.024330900243309
per_project	TCGA-BRCA	BRCA	n_samples	933
per_project	TCGA-BRCA	BRCA	median_purity	0.6
per_project	TCGA-BRCA	BRCA	median_ploidy	2.17
per_project	TCGA-BRCA	BRCA	median_aneuploidy_score	11
per_project	TCGA-BRCA	BRCA	median_fraction_genome_altered	NA
per_project	TCGA-BRCA	BRCA	missingness_purity	0.0546623794212219
per_project	TCGA-BRCA	BRCA	missingness_ploidy	0.0546623794212219
per_project	TCGA-BRCA	BRCA	missingness_aneuploidy_score	0.0482315112540193
per_project	TCGA-BRCA	BRCA	missingness_fraction_genome_altered	1
per_project	TCGA-BRCA	BRCA	missingness_arm_gain_count	0.0482315112540193
per_project	TCGA-BRCA	BRCA	missingness_arm_loss_count	0.0482315112540193
per_project	TCGA-BRCA	BRCA	missingness_total_arm_alteration_count	0.0482315112540193
per_project	TCGA-CESC	CESC	n_samples	291
per_project	TCGA-CESC	CESC	median_purity	0.67
per_project	TCGA-CESC	CESC	median_ploidy	2.13
per_project	TCGA-CESC	CESC	median_aneuploidy_score	8
per_project	TCGA-CESC	CESC	median_fraction_genome_altered	NA
per_project	TCGA-CESC	CESC	missingness_purity	0.0378006872852234
per_project	TCGA-CESC	CESC	missingness_ploidy	0.0378006872852234
per_project	TCGA-CESC	CESC	missingness_aneuploidy_score	0.0378006872852234
per_project	TCGA-CESC	CESC	missingness_fraction_genome_altered	1
per_project	TCGA-CESC	CESC	missingness_arm_gain_count	0.0378006872852234
per_project	TCGA-CESC	CESC	missingness_arm_loss_count	0.0378006872852234
per_project	TCGA-CESC	CESC	missingness_total_arm_alteration_count	0.0378006872852234
per_project	TCGA-CHOL	CHOL	n_samples	36
per_project	TCGA-CHOL	CHOL	median_purity	0.745
per_project	TCGA-CHOL	CHOL	median_ploidy	1.91
per_project	TCGA-CHOL	CHOL	median_aneuploidy_score	9
per_project	TCGA-CHOL	CHOL	median_fraction_genome_altered	NA
per_project	TCGA-CHOL	CHOL	missingness_purity	0
per_project	TCGA-CHOL	CHOL	missingness_ploidy	0
per_project	TCGA-CHOL	CHOL	missingness_aneuploidy_score	0
per_project	TCGA-CHOL	CHOL	missingness_fraction_genome_altered	1
per_project	TCGA-CHOL	CHOL	missingness_arm_gain_count	0
per_project	TCGA-CHOL	CHOL	missingness_arm_loss_count	0
per_project	TCGA-CHOL	CHOL	missingness_total_arm_alteration_count	0
per_project	TCGA-COAD	COAD	n_samples	408
per_project	TCGA-COAD	COAD	median_purity	0.66
per_project	TCGA-COAD	COAD	median_ploidy	2.19
per_project	TCGA-COAD	COAD	median_aneuploidy_score	11
per_project	TCGA-COAD	COAD	median_fraction_genome_altered	NA
per_project	TCGA-COAD	COAD	missingness_purity	0.0563725490196078
per_project	TCGA-COAD	COAD	missingness_ploidy	0.0563725490196078
per_project	TCGA-COAD	COAD	missingness_aneuploidy_score	0.0490196078431373
per_project	TCGA-COAD	COAD	missingness_fraction_genome_altered	1
per_project	TCGA-COAD	COAD	missingness_arm_gain_count	0.0490196078431373
per_project	TCGA-COAD	COAD	missingness_arm_loss_count	0.0490196078431373
per_project	TCGA-COAD	COAD	missingness_total_arm_alteration_count	0.0490196078431373
per_project	TCGA-DLBC	DLBC	n_samples	37
per_project	TCGA-DLBC	DLBC	median_purity	0.55
per_project	TCGA-DLBC	DLBC	median_ploidy	2.1
per_project	TCGA-DLBC	DLBC	median_aneuploidy_score	6
per_project	TCGA-DLBC	DLBC	median_fraction_genome_altered	NA
per_project	TCGA-DLBC	DLBC	missingness_purity	0
per_project	TCGA-DLBC	DLBC	missingness_ploidy	0
per_project	TCGA-DLBC	DLBC	missingness_aneuploidy_score	0
per_project	TCGA-DLBC	DLBC	missingness_fraction_genome_altered	1
per_project	TCGA-DLBC	DLBC	missingness_arm_gain_count	0
per_project	TCGA-DLBC	DLBC	missingness_arm_loss_count	0
per_project	TCGA-DLBC	DLBC	missingness_total_arm_alteration_count	0
per_project	TCGA-ESCA	ESCA	n_samples	185
per_project	TCGA-ESCA	ESCA	median_purity	0.61
per_project	TCGA-ESCA	ESCA	median_ploidy	2.57
per_project	TCGA-ESCA	ESCA	median_aneuploidy_score	15
per_project	TCGA-ESCA	ESCA	median_fraction_genome_altered	NA
per_project	TCGA-ESCA	ESCA	missingness_purity	0.118918918918919
per_project	TCGA-ESCA	ESCA	missingness_ploidy	0.118918918918919
per_project	TCGA-ESCA	ESCA	missingness_aneuploidy_score	0.118918918918919
per_project	TCGA-ESCA	ESCA	missingness_fraction_genome_altered	1
per_project	TCGA-ESCA	ESCA	missingness_arm_gain_count	0.118918918918919
per_project	TCGA-ESCA	ESCA	missingness_arm_loss_count	0.118918918918919
per_project	TCGA-ESCA	ESCA	missingness_total_arm_alteration_count	0.118918918918919
per_project	TCGA-GBM	GBM	n_samples	403
per_project	TCGA-GBM	GBM	median_purity	0.77
per_project	TCGA-GBM	GBM	median_ploidy	2
per_project	TCGA-GBM	GBM	median_aneuploidy_score	7
per_project	TCGA-GBM	GBM	median_fraction_genome_altered	NA
per_project	TCGA-GBM	GBM	missingness_purity	0.0620347394540943
per_project	TCGA-GBM	GBM	missingness_ploidy	0.0620347394540943
per_project	TCGA-GBM	GBM	missingness_aneuploidy_score	0.054590570719603
per_project	TCGA-GBM	GBM	missingness_fraction_genome_altered	1
per_project	TCGA-GBM	GBM	missingness_arm_gain_count	0.054590570719603
per_project	TCGA-GBM	GBM	missingness_arm_loss_count	0.054590570719603
per_project	TCGA-GBM	GBM	missingness_total_arm_alteration_count	0.054590570719603
per_project	TCGA-HNSC	HNSC	n_samples	509
per_project	TCGA-HNSC	HNSC	median_purity	0.49
per_project	TCGA-HNSC	HNSC	median_ploidy	2.12
per_project	TCGA-HNSC	HNSC	median_aneuploidy_score	10
per_project	TCGA-HNSC	HNSC	median_fraction_genome_altered	NA
per_project	TCGA-HNSC	HNSC	missingness_purity	0.0333988212180747
per_project	TCGA-HNSC	HNSC	missingness_ploidy	0.0333988212180747
per_project	TCGA-HNSC	HNSC	missingness_aneuploidy_score	0.031434184675835
per_project	TCGA-HNSC	HNSC	missingness_fraction_genome_altered	1
per_project	TCGA-HNSC	HNSC	missingness_arm_gain_count	0.031434184675835
per_project	TCGA-HNSC	HNSC	missingness_arm_loss_count	0.031434184675835
per_project	TCGA-HNSC	HNSC	missingness_total_arm_alteration_count	0.031434184675835
per_project	TCGA-KICH	KICH	n_samples	66
per_project	TCGA-KICH	KICH	median_purity	0.86
per_project	TCGA-KICH	KICH	median_ploidy	1.63
per_project	TCGA-KICH	KICH	median_aneuploidy_score	14
per_project	TCGA-KICH	KICH	median_fraction_genome_altered	NA
per_project	TCGA-KICH	KICH	missingness_purity	0.0757575757575758
per_project	TCGA-KICH	KICH	missingness_ploidy	0.0757575757575758
per_project	TCGA-KICH	KICH	missingness_aneuploidy_score	0.0151515151515152
per_project	TCGA-KICH	KICH	missingness_fraction_genome_altered	1
per_project	TCGA-KICH	KICH	missingness_arm_gain_count	0.0151515151515152
per_project	TCGA-KICH	KICH	missingness_arm_loss_count	0.0151515151515152
per_project	TCGA-KICH	KICH	missingness_total_arm_alteration_count	0.0151515151515152
per_project	TCGA-KIRC	KIRC	n_samples	370
per_project	TCGA-KIRC	KIRC	median_purity	0.56
per_project	TCGA-KIRC	KIRC	median_ploidy	1.99
per_project	TCGA-KIRC	KIRC	median_aneuploidy_score	4
per_project	TCGA-KIRC	KIRC	median_fraction_genome_altered	NA
per_project	TCGA-KIRC	KIRC	missingness_purity	0.127027027027027
per_project	TCGA-KIRC	KIRC	missingness_ploidy	0.127027027027027
per_project	TCGA-KIRC	KIRC	missingness_aneuploidy_score	0.0675675675675676
per_project	TCGA-KIRC	KIRC	missingness_fraction_genome_altered	1
per_project	TCGA-KIRC	KIRC	missingness_arm_gain_count	0.0675675675675676
per_project	TCGA-KIRC	KIRC	missingness_arm_loss_count	0.0675675675675676
per_project	TCGA-KIRC	KIRC	missingness_total_arm_alteration_count	0.0675675675675676
per_project	TCGA-KIRP	KIRP	n_samples	282
per_project	TCGA-KIRP	KIRP	median_purity	0.775
per_project	TCGA-KIRP	KIRP	median_ploidy	2.14
per_project	TCGA-KIRP	KIRP	median_aneuploidy_score	8
per_project	TCGA-KIRP	KIRP	median_fraction_genome_altered	NA
per_project	TCGA-KIRP	KIRP	missingness_purity	0.0638297872340425
per_project	TCGA-KIRP	KIRP	missingness_ploidy	0.0638297872340425
per_project	TCGA-KIRP	KIRP	missingness_aneuploidy_score	0.0319148936170213
per_project	TCGA-KIRP	KIRP	missingness_fraction_genome_altered	1
per_project	TCGA-KIRP	KIRP	missingness_arm_gain_count	0.0319148936170213
per_project	TCGA-KIRP	KIRP	missingness_arm_loss_count	0.0319148936170213
per_project	TCGA-KIRP	KIRP	missingness_total_arm_alteration_count	0.0319148936170213
per_project	TCGA-LAML	LAML	n_samples	140
per_project	TCGA-LAML	LAML	median_purity	0.85
per_project	TCGA-LAML	LAML	median_ploidy	2
per_project	TCGA-LAML	LAML	median_aneuploidy_score	0
per_project	TCGA-LAML	LAML	median_fraction_genome_altered	NA
per_project	TCGA-LAML	LAML	missingness_purity	0.5
per_project	TCGA-LAML	LAML	missingness_ploidy	0.5
per_project	TCGA-LAML	LAML	missingness_aneuploidy_score	0.171428571428571
per_project	TCGA-LAML	LAML	missingness_fraction_genome_altered	1
per_project	TCGA-LAML	LAML	missingness_arm_gain_count	0.171428571428571
per_project	TCGA-LAML	LAML	missingness_arm_loss_count	0.171428571428571
per_project	TCGA-LAML	LAML	missingness_total_arm_alteration_count	0.171428571428571
per_project	TCGA-LGG	LGG	n_samples	526
per_project	TCGA-LGG	LGG	median_purity	0.75
per_project	TCGA-LGG	LGG	median_ploidy	2.01
per_project	TCGA-LGG	LGG	median_aneuploidy_score	2
per_project	TCGA-LGG	LGG	median_fraction_genome_altered	NA
per_project	TCGA-LGG	LGG	missingness_purity	0.0361216730038023
per_project	TCGA-LGG	LGG	missingness_ploidy	0.0361216730038023
per_project	TCGA-LGG	LGG	missingness_aneuploidy_score	0.0228136882129278
per_project	TCGA-LGG	LGG	missingness_fraction_genome_altered	1
per_project	TCGA-LGG	LGG	missingness_arm_gain_count	0.0228136882129278
per_project	TCGA-LGG	LGG	missingness_arm_loss_count	0.0228136882129278
per_project	TCGA-LGG	LGG	missingness_total_arm_alteration_count	0.0228136882129278
per_project	TCGA-LIHC	LIHC	n_samples	365
per_project	TCGA-LIHC	LIHC	median_purity	0.72
per_project	TCGA-LIHC	LIHC	median_ploidy	2.14
per_project	TCGA-LIHC	LIHC	median_aneuploidy_score	8
per_project	TCGA-LIHC	LIHC	median_fraction_genome_altered	NA
per_project	TCGA-LIHC	LIHC	missingness_purity	0.0410958904109589
per_project	TCGA-LIHC	LIHC	missingness_ploidy	0.0410958904109589
per_project	TCGA-LIHC	LIHC	missingness_aneuploidy_score	0.0410958904109589
per_project	TCGA-LIHC	LIHC	missingness_fraction_genome_altered	1
per_project	TCGA-LIHC	LIHC	missingness_arm_gain_count	0.0410958904109589
per_project	TCGA-LIHC	LIHC	missingness_arm_loss_count	0.0410958904109589
per_project	TCGA-LIHC	LIHC	missingness_total_arm_alteration_count	0.0410958904109589
per_project	TCGA-LUAD	LUAD	n_samples	569
per_project	TCGA-LUAD	LUAD	median_purity	0.45
per_project	TCGA-LUAD	LUAD	median_ploidy	2.765
per_project	TCGA-LUAD	LUAD	median_aneuploidy_score	16
per_project	TCGA-LUAD	LUAD	median_fraction_genome_altered	NA
per_project	TCGA-LUAD	LUAD	missingness_purity	0.131810193321617
per_project	TCGA-LUAD	LUAD	missingness_ploidy	0.131810193321617
per_project	TCGA-LUAD	LUAD	missingness_aneuploidy_score	0.123022847100176
per_project	TCGA-LUAD	LUAD	missingness_fraction_genome_altered	1
per_project	TCGA-LUAD	LUAD	missingness_arm_gain_count	0.123022847100176
per_project	TCGA-LUAD	LUAD	missingness_arm_loss_count	0.123022847100176
per_project	TCGA-LUAD	LUAD	missingness_total_arm_alteration_count	0.123022847100176
per_project	TCGA-LUSC	LUSC	n_samples	485
per_project	TCGA-LUSC	LUSC	median_purity	0.5
per_project	TCGA-LUSC	LUSC	median_ploidy	2.73
per_project	TCGA-LUSC	LUSC	median_aneuploidy_score	16
per_project	TCGA-LUSC	LUSC	median_fraction_genome_altered	NA
per_project	TCGA-LUSC	LUSC	missingness_purity	0.0371134020618557
per_project	TCGA-LUSC	LUSC	missingness_ploidy	0.0371134020618557
per_project	TCGA-LUSC	LUSC	missingness_aneuploidy_score	0.0350515463917526
per_project	TCGA-LUSC	LUSC	missingness_fraction_genome_altered	1
per_project	TCGA-LUSC	LUSC	missingness_arm_gain_count	0.0350515463917526
per_project	TCGA-LUSC	LUSC	missingness_arm_loss_count	0.0350515463917526
per_project	TCGA-LUSC	LUSC	missingness_total_arm_alteration_count	0.0350515463917526
per_project	TCGA-MESO	MESO	n_samples	82
per_project	TCGA-MESO	MESO	median_purity	0.635
per_project	TCGA-MESO	MESO	median_ploidy	1.945
per_project	TCGA-MESO	MESO	median_aneuploidy_score	6
per_project	TCGA-MESO	MESO	median_fraction_genome_altered	NA
per_project	TCGA-MESO	MESO	missingness_purity	0.024390243902439
per_project	TCGA-MESO	MESO	missingness_ploidy	0.024390243902439
per_project	TCGA-MESO	MESO	missingness_aneuploidy_score	0.024390243902439
per_project	TCGA-MESO	MESO	missingness_fraction_genome_altered	1
per_project	TCGA-MESO	MESO	missingness_arm_gain_count	0.024390243902439
per_project	TCGA-MESO	MESO	missingness_arm_loss_count	0.024390243902439
per_project	TCGA-MESO	MESO	missingness_total_arm_alteration_count	0.024390243902439
per_project	TCGA-OV	OV	n_samples	412
per_project	TCGA-OV	OV	median_purity	0.805
per_project	TCGA-OV	OV	median_ploidy	2.695
per_project	TCGA-OV	OV	median_aneuploidy_score	13
per_project	TCGA-OV	OV	median_fraction_genome_altered	NA
per_project	TCGA-OV	OV	missingness_purity	0.0533980582524272
per_project	TCGA-OV	OV	missingness_ploidy	0.0533980582524272
per_project	TCGA-OV	OV	missingness_aneuploidy_score	0.0461165048543689
per_project	TCGA-OV	OV	missingness_fraction_genome_altered	1
per_project	TCGA-OV	OV	missingness_arm_gain_count	0.0461165048543689
per_project	TCGA-OV	OV	missingness_arm_loss_count	0.0461165048543689
per_project	TCGA-OV	OV	missingness_total_arm_alteration_count	0.0461165048543689
per_project	TCGA-PAAD	PAAD	n_samples	178
per_project	TCGA-PAAD	PAAD	median_purity	0.4
per_project	TCGA-PAAD	PAAD	median_ploidy	2
per_project	TCGA-PAAD	PAAD	median_aneuploidy_score	7
per_project	TCGA-PAAD	PAAD	median_fraction_genome_altered	NA
per_project	TCGA-PAAD	PAAD	missingness_purity	0.0898876404494382
per_project	TCGA-PAAD	PAAD	missingness_ploidy	0.0898876404494382
per_project	TCGA-PAAD	PAAD	missingness_aneuploidy_score	0.0898876404494382
per_project	TCGA-PAAD	PAAD	missingness_fraction_genome_altered	1
per_project	TCGA-PAAD	PAAD	missingness_arm_gain_count	0.0898876404494382
per_project	TCGA-PAAD	PAAD	missingness_arm_loss_count	0.0898876404494382
per_project	TCGA-PAAD	PAAD	missingness_total_arm_alteration_count	0.0898876404494382
per_project	TCGA-PCPG	PCPG	n_samples	184
per_project	TCGA-PCPG	PCPG	median_purity	0.74
per_project	TCGA-PCPG	PCPG	median_ploidy	1.94
per_project	TCGA-PCPG	PCPG	median_aneuploidy_score	4
per_project	TCGA-PCPG	PCPG	median_fraction_genome_altered	NA
per_project	TCGA-PCPG	PCPG	missingness_purity	0.108695652173913
per_project	TCGA-PCPG	PCPG	missingness_ploidy	0.108695652173913
per_project	TCGA-PCPG	PCPG	missingness_aneuploidy_score	0.108695652173913
per_project	TCGA-PCPG	PCPG	missingness_fraction_genome_altered	1
per_project	TCGA-PCPG	PCPG	missingness_arm_gain_count	0.108695652173913
per_project	TCGA-PCPG	PCPG	missingness_arm_loss_count	0.108695652173913
per_project	TCGA-PCPG	PCPG	missingness_total_arm_alteration_count	0.108695652173913
per_project	TCGA-PRAD	PRAD	n_samples	498
per_project	TCGA-PRAD	PRAD	median_purity	0.61
per_project	TCGA-PRAD	PRAD	median_ploidy	1.98
per_project	TCGA-PRAD	PRAD	median_aneuploidy_score	1
per_project	TCGA-PRAD	PRAD	median_fraction_genome_altered	NA
per_project	TCGA-PRAD	PRAD	missingness_purity	0.0562248995983936
per_project	TCGA-PRAD	PRAD	missingness_ploidy	0.0562248995983936
per_project	TCGA-PRAD	PRAD	missingness_aneuploidy_score	0.0522088353413655
per_project	TCGA-PRAD	PRAD	missingness_fraction_genome_altered	1
per_project	TCGA-PRAD	PRAD	missingness_arm_gain_count	0.0522088353413655
per_project	TCGA-PRAD	PRAD	missingness_arm_loss_count	0.0522088353413655
per_project	TCGA-PRAD	PRAD	missingness_total_arm_alteration_count	0.0522088353413655
per_project	TCGA-READ	READ	n_samples	151
per_project	TCGA-READ	READ	median_purity	0.665
per_project	TCGA-READ	READ	median_ploidy	2.395
per_project	TCGA-READ	READ	median_aneuploidy_score	13
per_project	TCGA-READ	READ	median_fraction_genome_altered	NA
per_project	TCGA-READ	READ	missingness_purity	0.112582781456954
per_project	TCGA-READ	READ	missingness_ploidy	0.112582781456954
per_project	TCGA-READ	READ	missingness_aneuploidy_score	0.0927152317880795
per_project	TCGA-READ	READ	missingness_fraction_genome_altered	1
per_project	TCGA-READ	READ	missingness_arm_gain_count	0.0927152317880795
per_project	TCGA-READ	READ	missingness_arm_loss_count	0.0927152317880795
per_project	TCGA-READ	READ	missingness_total_arm_alteration_count	0.0927152317880795
per_project	TCGA-SARC	SARC	n_samples	239
per_project	TCGA-SARC	SARC	median_purity	0.78
per_project	TCGA-SARC	SARC	median_ploidy	2.12
per_project	TCGA-SARC	SARC	median_aneuploidy_score	10
per_project	TCGA-SARC	SARC	median_fraction_genome_altered	NA
per_project	TCGA-SARC	SARC	missingness_purity	0.0376569037656904
per_project	TCGA-SARC	SARC	missingness_ploidy	0.0376569037656904
per_project	TCGA-SARC	SARC	missingness_aneuploidy_score	0.0376569037656904
per_project	TCGA-SARC	SARC	missingness_fraction_genome_altered	1
per_project	TCGA-SARC	SARC	missingness_arm_gain_count	0.0376569037656904
per_project	TCGA-SARC	SARC	missingness_arm_loss_count	0.0376569037656904
per_project	TCGA-SARC	SARC	missingness_total_arm_alteration_count	0.0376569037656904
per_project	TCGA-SKCM	SKCM	n_samples	468
per_project	TCGA-SKCM	SKCM	median_purity	0.7
per_project	TCGA-SKCM	SKCM	median_ploidy	2.13
per_project	TCGA-SKCM	SKCM	median_aneuploidy_score	11
per_project	TCGA-SKCM	SKCM	median_fraction_genome_altered	NA
per_project	TCGA-SKCM	SKCM	missingness_purity	0.0213675213675214
per_project	TCGA-SKCM	SKCM	missingness_ploidy	0.0213675213675214
per_project	TCGA-SKCM	SKCM	missingness_aneuploidy_score	0.0213675213675214
per_project	TCGA-SKCM	SKCM	missingness_fraction_genome_altered	1
per_project	TCGA-SKCM	SKCM	missingness_arm_gain_count	0.0213675213675214
per_project	TCGA-SKCM	SKCM	missingness_arm_loss_count	0.0213675213675214
per_project	TCGA-SKCM	SKCM	missingness_total_arm_alteration_count	0.0213675213675214
per_project	TCGA-STAD	STAD	n_samples	439
per_project	TCGA-STAD	STAD	median_purity	0.52
per_project	TCGA-STAD	STAD	median_ploidy	2.15
per_project	TCGA-STAD	STAD	median_aneuploidy_score	10
per_project	TCGA-STAD	STAD	median_fraction_genome_altered	NA
per_project	TCGA-STAD	STAD	missingness_purity	0.041002277904328
per_project	TCGA-STAD	STAD	missingness_ploidy	0.041002277904328
per_project	TCGA-STAD	STAD	missingness_aneuploidy_score	0.0364464692482916
per_project	TCGA-STAD	STAD	missingness_fraction_genome_altered	1
per_project	TCGA-STAD	STAD	missingness_arm_gain_count	0.0364464692482916
per_project	TCGA-STAD	STAD	missingness_arm_loss_count	0.0364464692482916
per_project	TCGA-STAD	STAD	missingness_total_arm_alteration_count	0.0364464692482916
per_project	TCGA-TGCT	TGCT	n_samples	151
per_project	TCGA-TGCT	TGCT	median_purity	0.6
per_project	TCGA-TGCT	TGCT	median_ploidy	2.855
per_project	TCGA-TGCT	TGCT	median_aneuploidy_score	19
per_project	TCGA-TGCT	TGCT	median_fraction_genome_altered	NA
per_project	TCGA-TGCT	TGCT	missingness_purity	0.00662251655629139
per_project	TCGA-TGCT	TGCT	missingness_ploidy	0.00662251655629139
per_project	TCGA-TGCT	TGCT	missingness_aneuploidy_score	0.00662251655629139
per_project	TCGA-TGCT	TGCT	missingness_fraction_genome_altered	1
per_project	TCGA-TGCT	TGCT	missingness_arm_gain_count	0.00662251655629139
per_project	TCGA-TGCT	TGCT	missingness_arm_loss_count	0.00662251655629139
per_project	TCGA-TGCT	TGCT	missingness_total_arm_alteration_count	0.00662251655629139
per_project	TCGA-THCA	THCA	n_samples	500
per_project	TCGA-THCA	THCA	median_purity	0.67
per_project	TCGA-THCA	THCA	median_ploidy	2
per_project	TCGA-THCA	THCA	median_aneuploidy_score	0
per_project	TCGA-THCA	THCA	median_fraction_genome_altered	NA
per_project	TCGA-THCA	THCA	missingness_purity	0.094
per_project	TCGA-THCA	THCA	missingness_ploidy	0.094
per_project	TCGA-THCA	THCA	missingness_aneuploidy_score	0.07
per_project	TCGA-THCA	THCA	missingness_fraction_genome_altered	1
per_project	TCGA-THCA	THCA	missingness_arm_gain_count	0.07
per_project	TCGA-THCA	THCA	missingness_arm_loss_count	0.07
per_project	TCGA-THCA	THCA	missingness_total_arm_alteration_count	0.07
per_project	TCGA-THYM	THYM	n_samples	123
per_project	TCGA-THYM	THYM	median_purity	0.39
per_project	TCGA-THYM	THYM	median_ploidy	2
per_project	TCGA-THYM	THYM	median_aneuploidy_score	0
per_project	TCGA-THYM	THYM	median_fraction_genome_altered	NA
per_project	TCGA-THYM	THYM	missingness_purity	0.138211382113821
per_project	TCGA-THYM	THYM	missingness_ploidy	0.138211382113821
per_project	TCGA-THYM	THYM	missingness_aneuploidy_score	0.138211382113821
per_project	TCGA-THYM	THYM	missingness_fraction_genome_altered	1
per_project	TCGA-THYM	THYM	missingness_arm_gain_count	0.138211382113821
per_project	TCGA-THYM	THYM	missingness_arm_loss_count	0.138211382113821
per_project	TCGA-THYM	THYM	missingness_total_arm_alteration_count	0.138211382113821
per_project	TCGA-UCEC	UCEC	n_samples	531
per_project	TCGA-UCEC	UCEC	median_purity	0.76
per_project	TCGA-UCEC	UCEC	median_ploidy	2.04
per_project	TCGA-UCEC	UCEC	median_aneuploidy_score	3
per_project	TCGA-UCEC	UCEC	median_fraction_genome_altered	NA
per_project	TCGA-UCEC	UCEC	missingness_purity	0.0903954802259887
per_project	TCGA-UCEC	UCEC	missingness_ploidy	0.0903954802259887
per_project	TCGA-UCEC	UCEC	missingness_aneuploidy_score	0.0489642184557439
per_project	TCGA-UCEC	UCEC	missingness_fraction_genome_altered	1
per_project	TCGA-UCEC	UCEC	missingness_arm_gain_count	0.0489642184557439
per_project	TCGA-UCEC	UCEC	missingness_arm_loss_count	0.0489642184557439
per_project	TCGA-UCEC	UCEC	missingness_total_arm_alteration_count	0.0489642184557439
per_project	TCGA-UCS	UCS	n_samples	57
per_project	TCGA-UCS	UCS	median_purity	0.855
per_project	TCGA-UCS	UCS	median_ploidy	3.19
per_project	TCGA-UCS	UCS	median_aneuploidy_score	19
per_project	TCGA-UCS	UCS	median_fraction_genome_altered	NA
per_project	TCGA-UCS	UCS	missingness_purity	0.0175438596491228
per_project	TCGA-UCS	UCS	missingness_ploidy	0.0175438596491228
per_project	TCGA-UCS	UCS	missingness_aneuploidy_score	0.0175438596491228
per_project	TCGA-UCS	UCS	missingness_fraction_genome_altered	1
per_project	TCGA-UCS	UCS	missingness_arm_gain_count	0.0175438596491228
per_project	TCGA-UCS	UCS	missingness_arm_loss_count	0.0175438596491228
per_project	TCGA-UCS	UCS	missingness_total_arm_alteration_count	0.0175438596491228
per_project	TCGA-UVM	UVM	n_samples	80
per_project	TCGA-UVM	UVM	median_purity	0.95
per_project	TCGA-UVM	UVM	median_ploidy	2.03
per_project	TCGA-UVM	UVM	median_aneuploidy_score	4
per_project	TCGA-UVM	UVM	median_fraction_genome_altered	NA
per_project	TCGA-UVM	UVM	missingness_purity	0
per_project	TCGA-UVM	UVM	missingness_ploidy	0
per_project	TCGA-UVM	UVM	missingness_aneuploidy_score	0
per_project	TCGA-UVM	UVM	missingness_fraction_genome_altered	1
per_project	TCGA-UVM	UVM	missingness_arm_gain_count	0
per_project	TCGA-UVM	UVM	missingness_arm_loss_count	0
per_project	TCGA-UVM	UVM	missingness_total_arm_alteration_count	0
sources	ALL	ALL	absolute_purity_ploidy_status	local:/Users/rruizcordero/Documents/CancerPhylogeny/tcga-cancer-phylogeny/data/raw/purity_ploidy/TCGA_mastercalls.abs_tables_JSedit.fixed.txt
sources	ALL	ALL	arm_calls_aneuploidy_status	local:/Users/rruizcordero/Documents/CancerPhylogeny/tcga-cancer-phylogeny/data/raw/copy_number/PANCAN_ArmCallsAndAneuploidyScore_092817.txt
sources	ALL	ALL	direct_aneuploidy_or_fga:PANCAN_ArmCallsAndAneuploidyScore_092817.txt	10522
sources	ALL	ALL	arm_level_calls:PANCAN_ArmCallsAndAneuploidyScore_092817.txt	364267
sources	ALL	ALL	purity_ploidy:TCGA_mastercalls.abs_tables_JSedit.fixed.txt	9697
