project_id	project_code	cancer_name	broad_group	major_cancer_group	level2_group	lineage_notes	tmb_proxy_median_nonsynonymous_count	tmb_proxy_mean_nonsynonymous_count	tmb_proxy_median_total_mutation_count	tmb_proxy_mean_total_mutation_count	mutation_prevalence_TP53	mutation_prevalence_KRAS	mutation_prevalence_BRAF	mutation_prevalence_IDH1	mutation_prevalence_IDH2	mutation_prevalence_PIK3CA	mutation_prevalence_APC	mutation_prevalence_PTEN	mutation_prevalence_NF1	mutation_prevalence_BAP1	mutation_prevalence_VHL	mutation_prevalence_RB1	mutation_prevalence_CDKN2A	mutation_prevalence_SMAD4	mutation_prevalence_ARID1A	mutation_prevalence_TERT	mutation_prevalence_EGFR	mutation_prevalence_ERBB2	mutation_prevalence_ALK	mutation_prevalence_MET	mutation_prevalence_MYC	mutation_prevalence_CTNNB1	mutation_prevalence_POLE	mutation_prevalence_MSH2	mutation_prevalence_MSH6	mutation_prevalence_MLH1	mutation_prevalence_PMS2	mutation_prevalence_BRCA1	mutation_prevalence_BRCA2	median_purity	median_ploidy	median_aneuploidy_score	median_arm_gain_count	median_arm_loss_count	median_total_arm_alteration_count	median_proliferation_score	median_immune_inflammatory_score	median_interferon_gamma_score	median_cytotoxic_t_cell_score	median_stromal_score	median_epithelial_score	median_EMT_score	median_hypoxia_score	median_cell_cycle_score	median_DNA_repair_score	median_angiogenesis_score	median_lineage_or_tissue_PC1	median_lineage_or_tissue_PC2
TCGA-ACC	ACC	Adrenocortical Carcinoma	Neuroendocrine/adrenal/paraganglioma	Neuroendocrine/adrenal/paraganglioma	adrenal	Adrenal cortical malignancy; analyze carefully with PCPG only as endocrine-adjacent and not same lineage.	-0.618054576304112	-0.399648781275764	-0.624864347292493	-0.392158558761859	-0.528687794520604	-0.537104048878288	-0.312003498233751	-0.284869821977657	-0.576145336573797	-0.68601843766352	-0.255651512356241	-0.543809968431874	0.0792557106770322	-0.398100707822899	-0.218688900386173	-0.343071621245872	-0.394242731292764	-0.575073598819231	-0.615849836304583	0.155129435084701	-0.115751417441406	-0.800227351253783	-0.0880401970408413	-0.759237235645582	-0.583364756070864	1.80179698900053	-0.162696666595075	0.65440355723703	-0.230628354270338	0.746010951377558	0.660352538372813	-0.847656937128871	-0.988584912938601	1.22395592932296	0.864900244863577	1.44303457226102	2.81923568342213	0.872072299100511	1.44303457226102	-0.789041772656636	-0.530376430758523	-0.958456726733534	-0.527634590568487	-0.562326208199236	-1.17912015440591	0.467916769712961	0.00211642434135395	-0.862024488159291	-0.566364885110842	0.0998877950933735	0.849803982862652	0.273297494908171
TCGA-BLCA	BLCA	Bladder Urothelial Carcinoma	Carcinoma	Carcinoma	urothelial	Urothelial carcinoma.	1.14537703378123	0.352959353912877	1.05557934164587	0.286522250266731	0.504286908052166	-0.280874156425926	-0.156366166659604	-0.122790050065119	-0.281602200383526	0.929554626785855	-0.0982451636466566	-0.226173667575378	0.569108726028613	0.0574548855913226	-0.158215943200189	3.46038688211727	0.563328136002206	-0.163677107340788	2.03903073318672	0.0436678091542894	-0.216576350994155	3.5942232068928	0.237320273291891	0.862490223388058	-0.133852338264031	-0.0136299590165232	1.09900174409451	0.972520392580488	0.393853853701486	0.756771815574428	0.825421317273548	1.3614086541274	1.71977433765731	-0.426101886584905	2.12101453691484	0.903938637718227	0.787908662615792	0.588541403826453	0.903938637718227	0.479882533870862	-0.363775075734885	-0.242806437826293	-0.365285327688426	-0.128134964629889	1.17585475274177	-0.600184226866996	0.00205902033568274	0.563392582511012	0.159500853465373	-0.275248165581608	-0.514113387078454	0.782718003068621
TCGA-BRCA	BRCA	Breast Invasive Carcinoma	Carcinoma	Carcinoma	breast	Breast carcinoma with molecular subtypes.	-0.434363783586889	-0.377570825796564	-0.438991343324141	-0.377531632860562	-0.00253384826751315	-0.494776683203882	-0.337244241547963	-0.229337667185187	-0.576145336573797	1.90883553182644	-0.353844950783314	-0.0715685388224774	-0.237250439668119	-0.40079299347513	-0.218688900386173	-0.251565129932177	-0.584093974157324	-0.393847491640624	-0.288508719991671	-0.174871324315791	-0.305886865132899	0.148703558629077	-0.380057331177019	-0.339005229049008	-0.385348031827982	-0.504252684206839	-0.399883667879603	-0.246886201980937	-0.237654316609947	-0.146748634001592	-0.109834835219873	0.310825630632991	-0.15343490608282	-0.497843530754813	-0.167904839711902	0.364842703175429	-0.0246221457067435	0.305010508552395	0.364842703175429	-0.250256668628522	-0.281080130383638	-0.0264657445716613	-0.387193147770354	1.04618744751852	0.487089693918238	-0.183805137218089	-0.7246293977026	-0.270858810443618	-0.121758074985882	-0.0903658970062241	0.239635624789181	0.170645030571139
TCGA-CESC	CESC	Cervical Squamous Cell Carcinoma and Endocervical Adenocarcinoma	Carcinoma	Carcinoma	gynecologic_squamous_adeno	Mixed squamous and adenocarcinoma cohort.	0.116708594564781	0.114102974431013	0.304500672549267	0.231551114000913	-0.876019099437349	-0.175212345105364	-0.316203835962884	-0.284869821977657	-0.368143224934275	1.47050246925226	-0.207521204646869	0.0450042310295549	-0.145575221604076	-0.0415340544349777	-0.218688900386173	0.6571886102342	-0.223963781507025	0.29649319498304	-0.0568994520031007	0.4370303442048	-0.0661506421838451	0.903543857665793	0.10117792973241	-0.355034697341866	0.0515136072233248	-0.273102387383485	0.116519039210037	-0.0692043630705334	-0.0972019306806252	0.436978160679118	-0.505339353864334	1.38092911590581	0.350238036196181	0.00434797843453907	-0.279559443449792	-0.174253231367369	0.381643258454524	-0.26205128199572	-0.174253231367369	1.9172184301105	0.0199217929693943	0.969657501918024	0.0971281000826838	-0.509772585335536	0.389436050751134	-0.881850011268042	0.774153468181141	1.75052659282784	0.844996281310045	-0.494947388124764	-1.49496452157845	0.603147304597367
TCGA-CHOL	CHOL	Cholangiocarcinoma	Carcinoma	Carcinoma	gi_hepatobiliary	Biliary tract carcinoma.	-0.434363783586889	-0.473673280076469	-0.340364851422566	-0.406497224360002	-0.778798459141802	-0.171442639857729	-0.185246639652344	0.743136138763909	2.78655546826514	-0.339115406202771	-0.28259892850521	-0.317163232924895	-1.18379064634618	2.86522563454302	-0.218688900386173	-0.842343880869715	0.386256822705983	-0.575073598819231	0.483078013270808	-0.910236338343186	-0.581358694859156	1.16722273523668	-0.803137273547542	-0.759237235645582	-0.583364756070864	-0.537201367222071	0.0207987498215641	-0.721870330406772	-0.734876266797685	-0.728227443593675	-0.724203954039472	-0.847656937128871	-0.215574043497684	0.542410309708844	-0.893659764008184	0.00544541348023044	-0.430887549868011	0.305010508552395	0.00544541348023044	-0.728287184707058	-0.363747337730852	-0.0249381049816752	-0.363336934672014	-0.146473176165099	1.3505766315633	-0.282264013585535	-0.13842335505943	-0.748208423010745	-0.49705995148552	-0.211118213745017	0.536524335640541	0.478618694645082
TCGA-COAD	COAD	Colon Adenocarcinoma	Carcinoma	Carcinoma	gi_colorectal	Colorectal adenocarcinoma.	0.471844127151413	1.22040512183225	0.448647083790029	1.115143467269	0.707876696812935	2.2860171237069	0.672226227221875	-0.139739568696495	0.907399136149261	1.68411793388269	3.55463387400175	-0.00385745148877758	0.18327129302012	-0.286334306391249	-0.127312483461764	-0.166857882555102	-0.541284380178061	1.96325787847377	0.63533910086258	0.290911347384332	-0.0039143753165538	0.501761676570787	1.53494973640329	0.682220345805165	0.775088212448317	0.51764102872146	1.56000147811642	1.76081981985264	1.42547998589301	2.42982245151627	0.992917578216941	0.529915128006779	0.989413488277861	-0.0673936657353683	-0.112077537842957	0.364842703175429	0.787908662615792	0.0214796132783378	0.364842703175429	0.782217122296897	-0.266935522888064	-0.239555317113754	-0.263430875640534	-0.208080836885965	2.13780007751281	-1.02793119800952	0.20397423503154	0.757553236664378	0.371114768762845	-0.457774986576869	-0.647420280422525	1.22419478630478
TCGA-DLBC	DLBC	Lymphoid Neoplasm Diffuse Large B-cell Lymphoma	Hematolymphoid	Hematolymphoid	lymphoid	Limited TCGA hematolymphoid representation.	0.435105968607969	-0.190631277101507	0.410713817674039	-0.172344406162699	-0.697238224688456	-0.181325380642069	-0.190874839936847	-0.284869821977657	-0.576145336573797	-0.770400256126945	-0.286786702636469	-0.32328882037103	0.0724284330715029	-0.591323978094565	-0.218688900386173	-0.842343880869715	-0.584093974157324	-0.575073598819231	0.450156697034749	-0.910236338343186	-0.581358694859156	-0.800227351253783	-0.803137273547542	0.300428878285778	4.4098677768645	-0.537201367222071	-0.823280165694972	-0.721870330406772	-0.734876266797685	-0.728227443593675	-0.724203954039472	1.48934681578317	-0.988584912938601	-0.856551751604349	-0.363300396253208	-0.533650521062567	0.381643258454524	-1.11264396781789	-0.533650521062567	2.56145391420826	3.56879362593491	4.64558161969825	3.92138960542099	-0.418948072090636	-1.20739789491914	-0.684647530634111	0.248686544258072	2.36491811376626	2.01155680302452	-0.453070377279833	-2.53295977349511	-3.26942530609934
TCGA-ESCA	ESCA	Esophageal Carcinoma	Carcinoma	Carcinoma	gi_esophageal	Mixed squamous and adenocarcinoma cohort.	0.337137545825449	-0.125474290931969	0.554860228914802	-0.0324012213711449	1.76180284407992	-0.465948315231044	-0.312443966082103	-0.244860941343391	-0.248963636643522	-0.0570318016577718	-0.226482755146342	-0.279184590758861	-0.555681106637338	-0.591323978094565	-0.218688900386173	-0.221627017553586	0.832093675318853	0.795877411972449	0.0353481124604122	0.149370701174279	-0.00249559320465626	1.30547598455763	0.2637102568084	0.0884956554995056	-0.583364756070864	0.044387413244091	0.162239000529739	-0.379661688073718	0.769690477608235	-0.728227443593675	0.652868449224637	-0.380256186546464	0.0643812443538894	-0.426101886584905	0.948641197666994	1.08363728256583	0.787908662615792	0.872072299100511	1.08363728256583	0.989119102097929	-0.314067429453285	0.0777958180014452	-0.3611477674317	-0.115224594919353	0.276998489907066	-0.516146692483962	0.0903408746054173	0.928757747659658	1.15552022210883	-0.302911322657731	-0.746240731477427	0.680682459333385
TCGA-GBM	GBM	Glioblastoma Multiforme	CNS/glial	CNS/glial	adult_glioma	High-grade glioma.	-0.324149307956555	-0.256284368412512	-0.340364851422566	-0.272575982797806	-0.0861436144356576	-0.504439506136997	-0.244670937941571	0.192655527528103	-0.425950263404813	-0.0191298723880625	-0.312973280330693	2.1489557129761	1.5842553648769	-0.503102931618172	-0.218688900386173	1.32323405913643	-0.410731052633359	-0.470182806016725	-0.598995820135723	0.305813924130337	4.46753411485689	-0.360846438638045	-0.558265321790905	-0.0782111227219533	-0.430552842325117	-0.460920669323283	-0.446272213355079	-0.564777033057851	0.0709194048341053	-0.559952093299192	-0.724203954039472	-0.0966842671484516	-0.574266432047192	0.721764420133612	-0.642436905597933	-0.353951876214968	-0.0246221457067435	-0.545582177269777	-0.353951876214968	-0.278813406344095	-0.410026168026121	-0.229399265859742	-0.464769221864878	-0.425582937056249	-1.21528995965236	0.890912149999229	0.135145590891823	-0.286168171442986	-0.543753069881656	0.241843235815356	0.517842808797042	-0.0299727237030047
TCGA-HNSC	HNSC	Head and Neck Squamous Cell Carcinoma	Carcinoma	Carcinoma	pan_squamous	Squamous carcinoma.	0.361629651521079	-0.0371200314811367	0.312087325772465	-0.0716875758809283	1.23178550320135	-0.524172997085812	-0.260934323242561	-0.2267036693856	-0.4572286087013	0.6327583125851	-0.185490287893721	-0.351449674249134	-0.544575044049165	-0.486550652760616	-0.218688900386173	-0.120409925892998	2.98466180526921	0.00625631571096659	-0.325790318454435	-0.332552736248693	0.00773970721752605	-0.174044808991591	0.295499099395957	-0.451122137685187	0.142566889188893	-0.38621354181337	-0.166590086039673	0.0243999898087272	-0.461453037215076	-0.0620686403650236	0.0265575231821198	0.0866854277387107	0.159541250710383	-1.28700161662379	-0.307473094384263	0.18514405832783	0.381643258454524	0.305010508552395	0.18514405832783	0.652366490533507	-0.0309007411735936	0.882633991826969	-0.0532259265365337	0.0553840249199062	-0.427363866945261	0.12832815760984	1.71569493884885	0.724272758480861	0.191526536368018	-0.383935378661805	-0.764323180160289	-0.0960835046986942
TCGA-KICH	KICH	Kidney Chromophobe	Carcinoma	Carcinoma	kidney	Renal epithelial carcinoma.	-0.703776946238817	-0.637676219541592	-0.689350899689676	-0.61118973805477	-0.0758048474047248	-0.537104048878288	-0.39349005017894	-0.284869821977657	-0.576145336573797	-0.770400256126945	-0.437546571361786	0.19794298413642	-0.831668631660918	-0.591323978094565	-0.0303981018752696	-0.146388609878903	-0.584093974157324	-0.575073598819231	-0.73501068746336	-0.910236338343186	-0.581358694859156	-0.800227351253783	-0.304736280830749	-0.759237235645582	-0.583364756070864	-0.304314085000771	-0.362873484504133	-0.721870330406772	-0.734876266797685	-0.728227443593675	-0.724203954039472	-0.847656937128871	-0.988584912938601	1.36743921766278	-1.67524199017341	0.903938637718227	-1.24341835819055	2.00619588019674	0.903938637718227	-1.18935657065772	-0.450155194504347	-0.881628622259817	-0.41372473729295	-0.626732684463761	0.00348842259154376	-1.31310285574159	-0.524696853413413	-1.19777563722583	-1.03297922202659	0.23195358086976	1.12743273132248	0.454072514451518
TCGA-KIRC	KIRC	Kidney Renal Clear Cell Carcinoma	Carcinoma	Carcinoma	kidney	Renal epithelial carcinoma.	-0.299657202260925	-0.517568223103907	-0.347951504645764	-0.512106890509897	-1.04590822697651	-0.501526182054666	-0.373228529154731	-0.244860941343391	-0.41255448660866	-0.644511705338267	-0.347090650126596	-0.235080361146692	-0.681303014579106	1.2343748134453	5.55827635554833	-0.718200508206489	-0.584093974157324	-0.575073598819231	-0.320202102889022	-0.115531058705086	-0.465586074528256	-0.513085987279499	-0.447521430095561	-0.441337401466174	-0.583364756070864	-0.495659311474488	-0.330520582582617	-0.550766009240245	-0.484115142730031	-0.544943751245901	-0.552069903631459	-0.380256186546464	-0.386889965914321	-0.784810107434441	-0.670350556532405	-0.893047810757766	-0.837152954029279	-0.829113072543835	-0.893047810757766	-1.08781722451989	0.119968579258504	0.640137609371669	0.285969667766259	0.191863572874245	-0.746159410588613	0.873686935372725	4.18574609591111	-1.10587514466709	-0.721290478917824	5.20886314224173	1.19072051355282	-3.17539298922083
TCGA-KIRP	KIRP	Kidney Renal Papillary Cell Carcinoma	Carcinoma	Carcinoma	kidney	Renal epithelial carcinoma.	-0.128212462391517	-0.413613812348684	-0.158285174065814	-0.404581343030466	-1.07174286507064	-0.420403599190875	-0.287152989484508	-0.284869821977657	-0.146864382764572	-0.687813795503167	-0.358424370754173	-0.312340961956662	-0.689321434234962	0.35423670621359	-0.0864847227083054	-0.842343880869715	-0.522156689251156	-0.425176472934799	-0.26850863186304	1.87029277244732	-0.505408571592431	-0.423481590010929	-0.453196151001711	2.29951530598608	-0.583364756070864	-0.428190298948271	-0.715525410522648	0.400622556678598	-0.405863444439416	-0.247270236723628	-0.498354313433213	-0.387714709162141	-0.297809242374378	0.757635242218566	-0.251645792515319	-0.174253231367369	1.19417406677706	-1.39617486309195	-0.174253231367369	-1.1503019627163	-0.418559857738818	-0.539969336543534	-0.40958226990302	-0.740053254311157	-0.194420711385933	-0.956425519371383	-0.0394957289962121	-1.16880053103549	-0.823035231563617	-0.61340066675481	0.92023014772392	0.519241025471007
TCGA-LAML	LAML	Acute Myeloid Leukemia	Hematolymphoid	Hematolymphoid	myeloid	Leukemia; single-sample clonal analyses require special handling.	-0.789499316173521	-0.598233173648696	-0.787977391591251	-0.586466002474255	-0.937768094687921	-0.255022390491	-0.39349005017894	-0.0205254320726834	2.88263263411768	-0.770400256126945	-0.278171852995022	-0.543809968431874	-0.519789132939689	-0.591323978094565	-0.218688900386173	-0.842343880869715	-0.584093974157324	-0.424105779178481	-0.656704985273306	-0.910236338343186	-0.581358694859156	-0.547269482990724	-0.333216337557424	-0.759237235645582	0.296395261636795	-0.537201367222071	-0.389182437715039	-0.721870330406772	-0.403513352851143	-0.728227443593675	-0.269278249389721	-0.847656937128871	-0.591036465797558	1.29569757349287	-0.642436905597933	-1.61184239014816	-1.24341835819055	-1.39617486309195	-1.61184239014816	0.313972871540398	0.810943592499048	-0.274340121718536	0.430869327178695	-0.79986030010764	-1.29576741298177	0.97300184362062	-0.731056134147948	0.219570033571395	2.82922379806603	-0.451173041800934	-0.6750417633871	-0.56609806035671
TCGA-LGG	LGG	Brain Lower Grade Glioma	CNS/glial	CNS/glial	adult_glioma	Lower-grade glioma.	-0.605808523456298	-0.531968341887993	-0.628657673904092	-0.526464690826363	0.509186498057281	-0.512077792747603	-0.350732848017586	5.45632848652886	1.84039630644734	-0.106254384570708	-0.416337008081038	-0.18703525930682	0.230052880298816	-0.591323978094565	-0.218688900386173	-0.536705729541051	-0.4844762117417	-0.575073598819231	-0.339016071825446	-0.53756085866499	0.884507562562507	-0.732900161982246	-0.740600266856842	-0.386540978844628	-0.583364756070864	-0.449536572773749	-0.592201527226567	-0.481153224583141	-0.558485362035267	-0.47037586120327	-0.360955292532066	-0.601071940386251	-0.565339417883498	0.578281131793797	-0.614523254663461	-1.25244510045296	-1.24341835819055	-0.829113072543835	-1.25244510045296	-1.1971861386279	-0.522414028555137	-1.03405253213551	-0.563806588467846	-0.69332654717863	-1.21479800258795	1.09591311492894	-1.18489937236172	-1.20164752614669	-0.91532796193609	-0.351361011793382	1.34319711858251	0.339596564449474
TCGA-LIHC	LIHC	Liver Hepatocellular Carcinoma	Carcinoma	Carcinoma	gi_hepatobiliary	Hepatocellular carcinoma.	0.0922164888691515	-0.300830375904106	0.122420995192514	-0.290499449209023	-0.1328805064933	-0.446940961722533	-0.39349005017894	-0.122642032008577	-0.0786498750359821	-0.49390531124405	-0.254156484474003	-0.387330578438015	-0.356062732373706	0.382733055603699	-0.218688900386173	0.353173803818613	-0.153417730070049	-0.343451738548492	0.136006164294499	-0.373175236122004	-0.229283054948747	-0.703202415481651	0.00795913651759138	-0.544400818026622	-0.414643656784464	3.50546663320026	-0.573525308501038	-0.548422114429745	-0.0993857469002065	-0.542433015734287	-0.375219851842403	-0.373853436538487	-0.37864756937974	0.363056199284075	-0.251645792515319	-0.174253231367369	-0.0246221457067435	-0.26205128199572	-0.174253231367369	-0.787285040037193	-0.36438289684122	-0.279150930078744	-0.374334854672795	-0.526230406225974	-0.327417228625264	-0.613495820204596	-0.627888868833724	-0.813311110714392	-0.967247492580677	-0.179900937100308	0.716943478373186	0.361458670388698
TCGA-LUAD	LUAD	Lung Adenocarcinoma	Carcinoma	Carcinoma	lung_adeno	Lung adenocarcinoma.	1.48826651352005	0.579655991885607	1.23765901900262	0.434890930563587	0.586206668573323	1.40623531997614	0.159873810482243	-0.206820863271092	-0.469768158213339	-0.38838344705527	-0.104232134004231	-0.40041308832201	1.51189212337085	-0.341390187374097	-0.196848491420057	0.529996741365242	0.1833187825887	0.279260986845473	-0.0606733575314383	0.12329952621251	2.12881934170954	-0.177835408251526	1.22024812746439	0.687793644011126	-0.150442427497675	0.0300776717211979	0.672030109947678	0.390758823048678	0.0804279151446008	0.225234295157492	0.283188643251715	0.672011584096884	0.576456425542833	-1.57396819330342	1.49295739088921	1.26333592741343	0.787908662615792	1.15560319437457	1.26333592741343	-0.484565301211851	0.0248906140272315	0.762848301601634	-0.0379036820440562	0.0625935381189425	0.496398828565483	-0.618302212028454	0.305828751205412	-0.454978563076789	-0.473557019978224	0.1333492635686	0.299416876002899	-0.240384292763941
TCGA-LUSC	LUSC	Lung Squamous Cell Carcinoma	Carcinoma	Carcinoma	pan_squamous	Lung squamous carcinoma.	1.89238625749794	0.549345052532167	1.66251159950171	0.434628439082277	1.67893932752964	-0.428536537746411	-0.14617416468756	-0.239086463726074	-0.576145336573797	0.125960834024737	-0.127012326296649	0.330999699339394	1.49959691298725	-0.408060670208036	-0.193065822650669	0.720326820385944	2.04485643218986	-0.182868541608211	0.0109116715429255	0.504393678332199	-0.0514304121074076	-0.143058456384805	0.553335531372387	-0.11251317435964	-0.0754620654355148	-0.347050101738288	0.805705122807042	-0.199737556537783	0.0303329365427821	0.530194609020942	0.19502736669611	1.20264223166303	0.847515131589102	-1.21525997245389	1.39525961261855	1.26333592741343	0.787908662615792	1.43913408964863	1.26333592741343	0.805181237920953	-0.0781227568214916	0.338859631400038	-0.0872688783337741	0.0132005809908005	0.251605163362571	-0.197517593043847	1.43191843189367	0.769931552549948	0.503448046404858	-0.283479226878832	-0.790626373707948	0.319333876249555
TCGA-MESO	MESO	Mesothelioma	Mesothelial	Mesothelial	mesothelial	Mesothelial malignancy.	-0.611931549880205	-0.646751329268298	-0.583137754564904	-0.616200481386356	-0.57638982851673	-0.456836910312799	-0.302066113850191	-0.284869821977657	-0.576145336573797	-0.581055687867552	-0.437546571361786	-0.344803078718429	-1.18379064634618	3.31084352885519	-0.218688900386173	-0.562264320592925	-0.584093974157324	-0.575073598819231	-0.601318025187659	0.285052090380784	-0.581358694859156	-0.800227351253783	-0.401985255019393	-0.759237235645582	0.167649893191771	-0.537201367222071	-0.452708934492591	0.0501857529056043	-0.16913470640115	-0.728227443593675	0.0524984685332726	-0.847656937128871	-0.988584912938601	-0.246747776160137	-0.79596198573753	-0.533650521062567	-0.837152954029279	-0.26205128199572	-0.533650521062567	-0.644125357508294	-0.159453580497918	0.174751111577962	0.0319856534596359	0.976415619277575	1.5495047413485	0.269020763572779	0.389635692424576	-0.64582484771798	-0.326500780317162	0.53944595660914	0.419032587728697	-0.463340268347517
TCGA-OV	OV	Ovarian Serous Cystadenocarcinoma	Carcinoma	Carcinoma	gynecologic	High-grade serous ovarian carcinoma-dominated cohort.	-0.115966409543702	-0.384442583335879	-0.158285174065814	-0.393177312226635	1.91756408552107	-0.441251058164161	-0.357097997853904	-0.266904669265669	-0.282317110908259	-0.619659920231118	-0.302155427118176	-0.405181382636343	0.508446220345113	-0.375589258859209	-0.218688900386173	0.0495599615651125	-0.499306040450822	-0.369874620666755	-0.628575752447753	-0.672339126801036	-0.269447023579304	-0.370444565369944	-0.00472791628277802	-0.28341628642883	-0.284417177238164	-0.499894181235164	-0.675771229002762	-0.107223739808569	-0.397079121512375	-0.0698297138006972	-0.569617549546838	1.04123201850149	0.0245846732218245	0.972860174728288	1.2975618343479	0.724239992870627	-0.0246221457067435	0.872072299100511	0.724239992870627	0.474588071589798	-0.324699603726097	0.547952950124862	-0.383581544924791	-0.304994107510177	0.281984744980398	-0.995947962713702	0.541617461608734	0.61919610859712	0.0128549868046953	-0.472760990358815	-0.519380069567894	0.573385832946921
TCGA-PAAD	PAAD	Pancreatic Adenocarcinoma	Carcinoma	Carcinoma	gi_pancreatic	Pancreatic ductal adenocarcinoma-dominated cohort.	-0.520086153521593	-0.252024763236814	-0.522444528779319	-0.263485037021575	0.922912303388647	3.86315852484101	-0.309256760527733	-0.2432875583971	-0.236096940578849	-0.552334882569779	-0.312195669275567	-0.543809968431874	-0.792104360347967	-0.391587563881157	-0.218688900386173	-0.713318465461306	2.9484190391428	3.81825957949025	-0.180711896679833	0.741679130567474	-0.461033218672546	-0.402316097806273	-0.433536537375539	-0.538969560277827	-0.583364756070864	-0.191795510444413	-0.481854986384912	-0.366204044835901	-0.474253750210517	-0.347244487589873	-0.366397220045286	-0.361875258152772	-0.675906359007443	-1.93267641415296	-0.642436905597933	-0.353951876214968	-0.837152954029279	0.305010508552395	-0.353951876214968	-0.838985598544005	-0.298373185821657	-0.146093623879865	-0.304026106826921	1.93934010165485	1.08731683167686	0.723221897103804	-0.240317027128513	-0.84225799956428	-0.718260413441378	0.136738884282671	0.726612373756766	-0.18534131025952
TCGA-PCPG	PCPG	Pheochromocytoma and Paraganglioma	Neuroendocrine/adrenal/paraganglioma	Neuroendocrine/adrenal/paraganglioma	paraganglioma	Pheochromocytoma/paraganglioma.	-0.83848352756478	-0.739235408410669	-0.818324004484043	-0.708041448597064	-1.13756375675417	-0.537104048878288	-0.352746774206345	-0.244643501774727	-0.576145336573797	-0.770400256126945	-0.407230728194195	-0.543809968431874	0.837083524890958	-0.591323978094565	-0.0160716280755271	-0.842343880869715	-0.489168352725044	-0.575073598819231	-0.73501068746336	-0.910236338343186	-0.581358694859156	-0.800227351253783	-0.624363004420867	-0.759237235645582	-0.583364756070864	-0.537201367222071	-0.658134290919998	-0.721870330406772	-0.734876266797685	-0.728227443593675	-0.724203954039472	-0.847656937128871	-0.837343655874074	0.50653948762389	-0.809918811204767	-0.893047810757766	-1.24341835819055	-0.545582177269777	-0.893047810757766	-1.24708879205188	-0.510397986608765	-0.921956620283991	-0.507100975216813	-0.378049182957224	-1.16897524644028	-0.417728111901626	-1.0513888686896	-1.25083846711214	-1.10383930471305	0.51313594191825	1.34961578047533	0.0663181658420989
TCGA-PRAD	PRAD	Prostate Adenocarcinoma	Carcinoma	Carcinoma	prostate	Prostate adenocarcinoma.	-0.618054576304112	-0.574060743951939	-0.628657673904092	-0.559660401061126	-0.753802212588706	-0.510670694009332	-0.288113866538976	-0.210556138068628	-0.576145336573797	-0.598925556759503	-0.31433519270475	-0.248896143916769	-1.04379032725445	-0.591323978094565	-0.143826293749308	-0.703991326998048	-0.549021053788771	-0.362869836271992	-0.64695608259101	-0.910236338343186	-0.452334991478334	-0.58688939006807	-0.671030986321405	-0.444316382509355	-0.459703709405129	-0.197690991935599	-0.579209153979347	-0.467618929476592	-0.455413568288553	-0.455878181872082	-0.596313193696168	-0.760840532653223	-0.541542482418554	-0.426101886584905	-0.698264207466877	-1.43214374530056	-1.24341835819055	-1.11264396781789	-1.43214374530056	-1.18054726530907	-0.424508151028109	-0.674698634389017	-0.465733696746871	0.273763078070884	0.283544271228924	-0.920140599146299	-1.051471778072	-1.18892249718175	-0.948022022835612	-0.282245422185588	1.08150823305701	0.596339198417109
TCGA-READ	READ	Rectum Adenocarcinoma	Carcinoma	Carcinoma	gi_colorectal	Colorectal adenocarcinoma.	0.165692805956041	0.595404339812665	0.114834341969316	0.491636152189911	1.31712402275821	2.07822258517603	-0.145252872067766	-0.235852319213821	0.225558166566613	0.36065140327685	4.03233377488486	-0.0574951187347807	0.0474704381161831	-0.473598541902557	-0.136389610970811	-0.0818629556148531	-0.584093974157324	2.50427000709807	-0.0815988678642363	-0.261139310824208	-0.15583681218598	0.841485965950179	-0.149604846011616	0.279375909134826	-0.175528986272612	0.175341178382167	0.38414397835517	1.37444088918313	1.10846709555394	1.06819550127194	1.38472315360838	0.011308018411648	0.85435490824504	-0.0315228436504146	0.460152306313727	0.724239992870627	0.787908662615792	0.588541403826453	0.724239992870627	0.668590229705824	-0.285000918346254	-0.354764761766505	-0.296493783362223	-0.159978710750207	1.92266612173044	-0.95123898743517	0.159858091413029	0.684464464596983	0.386729698863173	-0.415619508939175	-0.564596899284731	1.25115966699649
TCGA-SARC	SARC	Sarcoma	Sarcoma	Sarcoma	sarcoma	Sarcoma cohort; split by histologic subtype when metadata permits.	-0.446609836434704	-0.448115760262898	-0.347951504645764	-0.383753727636578	0.0798021679904927	-0.482025342917032	-0.362122841898784	-0.222931387522935	-0.576145336573797	-0.543028326878218	-0.29751020794329	-0.338974425044813	-0.211403492822033	-0.591323978094565	-0.218688900386173	1.56001218008183	-0.511013161004439	-0.398207533968143	-0.597402340518496	0.730159496893062	-0.222899535675615	-0.652051194112242	-0.390236032719406	-0.103042319905659	-0.325694457997491	-0.472889398073093	-0.314713789818899	-0.721870330406772	-0.734876266797685	-0.444482815272852	-0.191236601311731	-0.847656937128871	-0.522837778212692	0.793506064303519	-0.307473094384263	0.18514405832783	-0.430887549868011	0.305010508552395	0.18514405832783	0.0903972589878677	-0.352623361317857	-0.161357675598875	-0.311440477443397	4.53979984734392	-1.21100554311884	3.23806857748932	-0.706263335050995	0.071866605901137	-0.24722571244556	0.43171122635213	0.222035831246527	-1.39318888254063
TCGA-SKCM	SKCM	Skin Cutaneous Melanoma	Melanocytic	Melanocytic	melanoma	Cutaneous melanoma; includes metastatic samples.	4.10892182295244	2.6011534718634	4.32542688084423	2.60795415015143	-0.633715349777676	-0.354273344368008	3.53109730205307	0.126332562318969	-0.317476043893879	-0.405466921575721	0.325272593470588	0.258170787977435	2.83852621371235	0.0544050704201492	-0.0859197475900233	0.188205270405142	1.69249828002196	-0.25894440384501	0.131706272674415	2.85951947532472	0.974645112579651	1.39423620675481	3.90611313199444	2.59184363747069	0.864103649131907	0.480934058899248	1.90374402289691	0.766152291703835	0.950259919511653	1.30042539051204	2.67801819611892	1.8314082625235	2.10345856482506	0.21957291094426	-0.279559443449792	0.364842703175429	0.381643258454524	0.305010508552395	0.364842703175429	-0.0874785416113897	-0.175205742911058	-0.0568641109771912	-0.20749526525214	-0.369179398692495	-1.07229813548873	1.35505102175367	0.0945751455072457	-0.0959417944743516	0.0896021655539665	-0.441310038217882	0.0602351386621151	-0.247846807868306
TCGA-STAD	STAD	Stomach Adenocarcinoma	Carcinoma	Carcinoma	gi_gastric	Gastric adenocarcinoma.	0.459598074303598	0.945491785234767	0.365193898334851	0.783467451411044	0.498924359590726	0.062613979583675	-0.154413332854557	-0.217428884234247	-0.30038855075557	0.485139694221788	0.210480472566852	0.0695301723022738	0.510245105397025	-0.0649116062382709	-0.133765032265082	-0.0576107165406661	0.132064700520833	1.01369935503104	2.03690414632579	0.429357982686864	0.443189437226372	1.05518115855727	0.54561074318947	-0.0447470996007461	0.398599728386434	0.373127963738632	1.11483269726783	0.720238982386276	0.638883422001192	0.971008610746747	0.29134773287797	0.531122042379598	1.42025078044448	-1.07177668411407	-0.223732141580847	0.18514405832783	0.381643258454524	0.0214796132783378	0.18514405832783	0.661359769168671	-0.102248050507749	0.331076454208534	-0.111088436883311	0.292126649405545	1.16024802014575	-0.522199028765823	-0.288948903436745	0.62087129831774	0.504068568861621	-0.0310704244462948	-0.547668100239828	0.220869769939426
TCGA-TGCT	TGCT	Testicular Germ Cell Tumors	Germ cell	Germ cell	germ_cell	Testicular germ cell tumor.	-0.789499316173521	-0.715992189482923	-0.765217431921656	-0.683383843682619	-1.13353146561356	0.0295500551668155	-0.39349005017894	-0.284869821977657	-0.576145336573797	-0.616165938935519	-0.40060541147545	-0.543809968431874	-0.875975375230586	-0.473598541902557	-0.218688900386173	-0.842343880869715	-0.584093974157324	-0.575073598819231	-0.662409374174569	-0.910236338343186	-0.439518067301431	-0.565696877367503	-0.803137273547542	-0.759237235645582	-0.583364756070864	-0.537201367222071	-0.823280165694972	-0.721870330406772	-0.427652373072414	-0.728227443593675	-0.724203954039472	-0.847656937128871	-0.988584912938601	-0.497843530754813	1.74418024929946	1.80243186195622	1.19417406677706	2.14796132783377	1.80243186195622	1.57353040087036	0.367814380348994	0.357540592686315	0.525891558012518	-0.393274805101831	-0.646003251457086	0.231705266869574	-0.436489174948232	1.61513582021816	2.58525717679322	-0.322814702946599	-2.12425644279935	0.226229825192829
TCGA-THCA	THCA	Thyroid Carcinoma	Carcinoma	Carcinoma	thyroid	Thyroid carcinoma.	-0.826237474716966	-0.712029619944686	-0.810737351260845	-0.682478082075167	-1.1356448749338	-0.484448805979327	4.04459351496388	-0.284869821977657	-0.576145336573797	-0.708295237737864	-0.404077880504765	-0.511172838518869	-1.04435032853081	-0.555770896364579	-0.218688900386173	-0.750477785098928	-0.549161345470245	-0.575073598819231	-0.713085090850145	-0.322154431410992	-0.581358694859156	-0.800227351253783	-0.737348342508926	-0.680821943214662	-0.583364756070864	-0.506460245968859	-0.823280165694972	-0.595253132743542	-0.734876266797685	-0.728227443593675	-0.724203954039472	-0.761187798271126	-0.877271347739109	0.00434797843453907	-0.642436905597933	-1.61184239014816	-1.24341835819055	-1.39617486309195	-1.61184239014816	-1.09752900176613	-0.423669462620466	-0.465834516292307	-0.355523812247826	-0.453031542330523	0.561182269167466	0.253706211365269	-0.853924569493712	-1.11819249190163	-0.902752493488472	0.688012553071778	1.1016549349385	0.0968598526900331
TCGA-THYM	THYM	Thymoma	Other or mixed	Other or mixed	thymic	Thymic epithelial tumor; distinct biology from common carcinomas.	-0.777253263325706	-0.68390203041529	-0.71211085935927	-0.639634625260327	-1.04560983587485	-0.483592623167962	-0.39349005017894	-0.224693863300102	-0.576145336573797	-0.770400256126945	-0.437546571361786	-0.543809968431874	-0.805903606196144	-0.446799255614945	-0.0166207263744727	-0.842343880869715	-0.584093974157324	-0.575073598819231	-0.73501068746336	-0.910236338343186	-0.581358694859156	-0.51230782640152	-0.803137273547542	-0.759237235645582	-0.583364756070864	-0.412237459688691	-0.823280165694972	-0.207166274865187	-0.734876266797685	-0.17688625523045	-0.724203954039472	-0.847656937128871	-0.536090745460992	-2.00441805832287	-0.642436905597933	-1.61184239014816	-1.24341835819055	-1.39617486309195	-1.61184239014816	0.913865681020832	3.87273835398936	-0.180582333366405	3.53915158829644	-0.727119138786573	-0.615566767956003	-0.843760414358449	-0.99973395563324	1.25002784296465	0.37879022544361	-0.342257577797752	-1.2608310727115	-1.11441559826494
TCGA-UCEC	UCEC	Uterine Corpus Endometrial Carcinoma	Carcinoma	Carcinoma	gynecologic	Endometrial carcinoma; includes hypermutated/MSI and POLE subsets.	-0.0179979867611825	3.96995206462942	0.0162078500677413	4.1319932824028	0.148258019337436	0.727216755192794	-0.0405351170830146	-0.00608854448841908	2.38759096599611	3.11847330590119	0.360827724034807	4.72668699962871	1.96740297659986	0.413000364560425	-0.0782686438695673	2.09875523043609	-0.320947995346936	0.220990233561374	4.01347068828001	2.96600975254698	0.87070467878264	1.73411513303902	2.29427002582235	3.22798102355377	1.73615318138812	3.31267539989387	3.8692263476851	4.16636423097969	4.41965795014852	3.61397378001274	3.59373493755138	2.97913169405195	3.15160889627036	0.650022775963705	-0.530782301860043	-1.07274645560537	-0.837152954029279	-1.39617486309195	-1.07274645560537	0.251307922518038	-0.324124878086043	-0.128840298229937	-0.226923032949198	-0.392773939093446	0.488892804336443	-0.798471975846245	-0.147675829710338	0.315452922583005	-0.00504996067077163	-0.314300075981803	-0.188077594731186	0.686632216206038
TCGA-UCS	UCS	Uterine Carcinosarcoma	Other or mixed	Other or mixed	gynecologic_mixed	Carcinosarcoma; mixed epithelial/mesenchymal phenotype.	-0.373133519347814	-0.202629533410028	-0.423818036877745	-0.248488968174568	1.94112804377932	0.271200118430316	-0.261967896162143	-0.284869821977657	0.485760180743761	1.95350405918362	-0.339684902189212	1.03078840456398	0.447090263775019	-0.591323978094565	-0.218688900386173	1.17226348252474	-0.277667406726807	-0.204275445315634	0.611297876505989	-0.910236338343186	-0.581358694859156	-0.178927323941005	-0.226041387243889	0.616469649107412	1.57744932250935	-0.537201367222071	-0.29017769273716	-0.721870330406772	0.892871380659013	-0.728227443593675	-0.724203954039472	-0.847656937128871	0.476067260738924	1.33156839557782	2.67928755560428	1.80243186195622	1.60043947093833	1.15560319437457	1.80243186195622	0.815288258447751	-0.476867125614888	-0.763979365728817	-0.463120745959565	0.355491016052855	-0.627521451950826	1.32321804940258	-0.0494305842445865	0.93367574722648	0.0910512571279948	-0.298461029037909	-0.356732867276488	0.584851745602594
TCGA-UVM	UVM	Uveal Melanoma	Melanocytic	Melanocytic	melanoma	Uveal melanoma; distinct from cutaneous melanoma.	-0.801745369021336	-0.708993192903848	-0.803150698037647	-0.6829785939159	-1.15601454348853	-0.537104048878288	-0.39349005017894	-0.284869821977657	-0.576145336573797	-0.770400256126945	-0.298093692790868	-0.543809968431874	-1.18379064634618	2.29736391246685	-0.218688900386173	-0.842343880869715	-0.584093974157324	-0.575073598819231	-0.73501068746336	-0.910236338343186	-0.581358694859156	-0.800227351253783	-0.803137273547542	-0.759237235645582	-0.583364756070864	-0.537201367222071	-0.823280165694972	-0.721870330406772	-0.734876266797685	-0.728227443593675	-0.724203954039472	-0.847656937128871	-0.640730021690188	2.01311401519194	-0.558695952794516	-0.893047810757766	-0.430887549868011	-0.829113072543835	-0.893047810757766	-0.911673467990524	-0.533355321330607	-1.14310050207999	-0.527212819516798	-0.667018083436452	-0.755482877024728	1.50140913182212	-0.484617029534651	-0.937986924561557	-1.20121731257986	-0.755415195948853	1.0247905604061	0.271837045851095
