qc_section	feature_name	metric	value
global	ALL	expected_tcga_projects	33
global	ALL	included_tcga_projects	33
global	ALL	missing_expected_projects	none
global	ALL	raw_biologic_features	52
global	ALL	features_retained_for_tree	52
global	ALL	features_dropped	0
global	ALL	dropped_features	none
global	ALL	imputed_values	0
global	ALL	distance_methods_generated	gower;correlation
global	ALL	tree_files_generated	level1_pan_cancer_gower_hclust_tree.nwk;level1_pan_cancer_correlation_hclust_tree.nwk;level1_pan_cancer_neighbor_joining_tree.nwk
global	ALL	figure_files_generated	level1_pan_cancer_gower_tree.pdf;level1_pan_cancer_correlation_tree.pdf;level1_pan_cancer_tree_with_trait_heatmap.pdf;level1_pan_cancer_feature_pca.pdf
global	ALL	bootstrap_iterations_completed	100
global	ALL	neighbor_joining_succeeded	TRUE
global	ALL	neighbor_joining_message	neighbor_joining_succeeded
global	ALL	warnings_or_limitations	This is a pan-cancer molecular similarity dendrogram / molecular trait tree, not a literal species-like cancer phylogeny
per_feature	median_DNA_repair_score	missing_fraction	0
per_feature	median_DNA_repair_score	n_missing_projects	0
per_feature	median_DNA_repair_score	imputed_value	-0.0509670670997959
per_feature	median_DNA_repair_score	n_imputed_values	0
per_feature	median_DNA_repair_score	retained_for_tree	TRUE
per_feature	median_DNA_repair_score	drop_reason	
per_feature	median_EMT_score	missing_fraction	0
per_feature	median_EMT_score	n_missing_projects	0
per_feature	median_EMT_score	imputed_value	-0.144536510970547
per_feature	median_EMT_score	n_imputed_values	0
per_feature	median_EMT_score	retained_for_tree	TRUE
per_feature	median_EMT_score	drop_reason	
per_feature	median_aneuploidy_score	missing_fraction	0
per_feature	median_aneuploidy_score	n_missing_projects	0
per_feature	median_aneuploidy_score	imputed_value	9
per_feature	median_aneuploidy_score	n_imputed_values	0
per_feature	median_aneuploidy_score	retained_for_tree	TRUE
per_feature	median_aneuploidy_score	drop_reason	
per_feature	median_angiogenesis_score	missing_fraction	0
per_feature	median_angiogenesis_score	n_missing_projects	0
per_feature	median_angiogenesis_score	imputed_value	-0.262635971559612
per_feature	median_angiogenesis_score	n_imputed_values	0
per_feature	median_angiogenesis_score	retained_for_tree	TRUE
per_feature	median_angiogenesis_score	drop_reason	
per_feature	median_arm_gain_count	missing_fraction	0
per_feature	median_arm_gain_count	n_missing_projects	0
per_feature	median_arm_gain_count	imputed_value	3
per_feature	median_arm_gain_count	n_imputed_values	0
per_feature	median_arm_gain_count	retained_for_tree	TRUE
per_feature	median_arm_gain_count	drop_reason	
per_feature	median_arm_loss_count	missing_fraction	0
per_feature	median_arm_loss_count	n_missing_projects	0
per_feature	median_arm_loss_count	imputed_value	5
per_feature	median_arm_loss_count	n_imputed_values	0
per_feature	median_arm_loss_count	retained_for_tree	TRUE
per_feature	median_arm_loss_count	drop_reason	
per_feature	median_cell_cycle_score	missing_fraction	0
per_feature	median_cell_cycle_score	n_missing_projects	0
per_feature	median_cell_cycle_score	imputed_value	-0.0737106908617051
per_feature	median_cell_cycle_score	n_imputed_values	0
per_feature	median_cell_cycle_score	retained_for_tree	TRUE
per_feature	median_cell_cycle_score	drop_reason	
per_feature	median_cytotoxic_t_cell_score	missing_fraction	0
per_feature	median_cytotoxic_t_cell_score	n_missing_projects	0
per_feature	median_cytotoxic_t_cell_score	imputed_value	-0.201340700334111
per_feature	median_cytotoxic_t_cell_score	n_imputed_values	0
per_feature	median_cytotoxic_t_cell_score	retained_for_tree	TRUE
per_feature	median_cytotoxic_t_cell_score	drop_reason	
per_feature	median_epithelial_score	missing_fraction	0
per_feature	median_epithelial_score	n_missing_projects	0
per_feature	median_epithelial_score	imputed_value	-0.141856705603552
per_feature	median_epithelial_score	n_imputed_values	0
per_feature	median_epithelial_score	retained_for_tree	TRUE
per_feature	median_epithelial_score	drop_reason	
per_feature	median_hypoxia_score	missing_fraction	0
per_feature	median_hypoxia_score	n_missing_projects	0
per_feature	median_hypoxia_score	imputed_value	-0.132878979458879
per_feature	median_hypoxia_score	n_imputed_values	0
per_feature	median_hypoxia_score	retained_for_tree	TRUE
per_feature	median_hypoxia_score	drop_reason	
per_feature	median_immune_inflammatory_score	missing_fraction	0
per_feature	median_immune_inflammatory_score	n_missing_projects	0
per_feature	median_immune_inflammatory_score	imputed_value	-0.215142545886055
per_feature	median_immune_inflammatory_score	n_imputed_values	0
per_feature	median_immune_inflammatory_score	retained_for_tree	TRUE
per_feature	median_immune_inflammatory_score	drop_reason	
per_feature	median_interferon_gamma_score	missing_fraction	0
per_feature	median_interferon_gamma_score	n_missing_projects	0
per_feature	median_interferon_gamma_score	imputed_value	-0.243170226437635
per_feature	median_interferon_gamma_score	n_imputed_values	0
per_feature	median_interferon_gamma_score	retained_for_tree	TRUE
per_feature	median_interferon_gamma_score	drop_reason	
per_feature	median_lineage_or_tissue_PC1	missing_fraction	0
per_feature	median_lineage_or_tissue_PC1	n_missing_projects	0
per_feature	median_lineage_or_tissue_PC1	imputed_value	0.630763813694477
per_feature	median_lineage_or_tissue_PC1	n_imputed_values	0
per_feature	median_lineage_or_tissue_PC1	retained_for_tree	TRUE
per_feature	median_lineage_or_tissue_PC1	drop_reason	
per_feature	median_lineage_or_tissue_PC2	missing_fraction	0
per_feature	median_lineage_or_tissue_PC2	n_missing_projects	0
per_feature	median_lineage_or_tissue_PC2	imputed_value	0.712782200059481
per_feature	median_lineage_or_tissue_PC2	n_imputed_values	0
per_feature	median_lineage_or_tissue_PC2	retained_for_tree	TRUE
per_feature	median_lineage_or_tissue_PC2	drop_reason	
per_feature	median_ploidy	missing_fraction	0
per_feature	median_ploidy	n_missing_projects	0
per_feature	median_ploidy	imputed_value	2.12
per_feature	median_ploidy	n_imputed_values	0
per_feature	median_ploidy	retained_for_tree	TRUE
per_feature	median_ploidy	drop_reason	
per_feature	median_proliferation_score	missing_fraction	0
per_feature	median_proliferation_score	n_missing_projects	0
per_feature	median_proliferation_score	imputed_value	-0.0696616741230983
per_feature	median_proliferation_score	n_imputed_values	0
per_feature	median_proliferation_score	retained_for_tree	TRUE
per_feature	median_proliferation_score	drop_reason	
per_feature	median_purity	missing_fraction	0
per_feature	median_purity	n_missing_projects	0
per_feature	median_purity	imputed_value	0.67
per_feature	median_purity	n_imputed_values	0
per_feature	median_purity	retained_for_tree	TRUE
per_feature	median_purity	drop_reason	
per_feature	median_stromal_score	missing_fraction	0
per_feature	median_stromal_score	n_missing_projects	0
per_feature	median_stromal_score	imputed_value	-0.28769765247401
per_feature	median_stromal_score	n_imputed_values	0
per_feature	median_stromal_score	retained_for_tree	TRUE
per_feature	median_stromal_score	drop_reason	
per_feature	median_total_arm_alteration_count	missing_fraction	0
per_feature	median_total_arm_alteration_count	n_missing_projects	0
per_feature	median_total_arm_alteration_count	imputed_value	9
per_feature	median_total_arm_alteration_count	n_imputed_values	0
per_feature	median_total_arm_alteration_count	retained_for_tree	TRUE
per_feature	median_total_arm_alteration_count	drop_reason	
per_feature	mutation_prevalence_ALK	missing_fraction	0
per_feature	mutation_prevalence_ALK	n_missing_projects	0
per_feature	mutation_prevalence_ALK	imputed_value	0.0142857142857143
per_feature	mutation_prevalence_ALK	n_imputed_values	0
per_feature	mutation_prevalence_ALK	retained_for_tree	TRUE
per_feature	mutation_prevalence_ALK	drop_reason	
per_feature	mutation_prevalence_APC	missing_fraction	0
per_feature	mutation_prevalence_APC	n_missing_projects	0
per_feature	mutation_prevalence_APC	imputed_value	0.0251046025104603
per_feature	mutation_prevalence_APC	n_imputed_values	0
per_feature	mutation_prevalence_APC	retained_for_tree	TRUE
per_feature	mutation_prevalence_APC	drop_reason	
per_feature	mutation_prevalence_ARID1A	missing_fraction	0
per_feature	mutation_prevalence_ARID1A	n_missing_projects	0
per_feature	mutation_prevalence_ARID1A	imputed_value	0.0407288317256163
per_feature	mutation_prevalence_ARID1A	n_imputed_values	0
per_feature	mutation_prevalence_ARID1A	retained_for_tree	TRUE
per_feature	mutation_prevalence_ARID1A	drop_reason	
per_feature	mutation_prevalence_BAP1	missing_fraction	0
per_feature	mutation_prevalence_BAP1	n_missing_projects	0
per_feature	mutation_prevalence_BAP1	imputed_value	0.0107181136120043
per_feature	mutation_prevalence_BAP1	n_imputed_values	0
per_feature	mutation_prevalence_BAP1	retained_for_tree	TRUE
per_feature	mutation_prevalence_BAP1	drop_reason	
per_feature	mutation_prevalence_BRAF	missing_fraction	0
per_feature	mutation_prevalence_BRAF	n_missing_projects	0
per_feature	mutation_prevalence_BRAF	imputed_value	0.0121951219512195
per_feature	mutation_prevalence_BRAF	n_imputed_values	0
per_feature	mutation_prevalence_BRAF	retained_for_tree	TRUE
per_feature	mutation_prevalence_BRAF	drop_reason	
per_feature	mutation_prevalence_BRCA1	missing_fraction	0
per_feature	mutation_prevalence_BRCA1	n_missing_projects	0
per_feature	mutation_prevalence_BRCA1	imputed_value	0.0108108108108108
per_feature	mutation_prevalence_BRCA1	n_imputed_values	0
per_feature	mutation_prevalence_BRCA1	retained_for_tree	TRUE
per_feature	mutation_prevalence_BRCA1	drop_reason	
per_feature	mutation_prevalence_BRCA2	missing_fraction	0
per_feature	mutation_prevalence_BRCA2	n_missing_projects	0
per_feature	mutation_prevalence_BRCA2	imputed_value	0.0219178082191781
per_feature	mutation_prevalence_BRCA2	n_imputed_values	0
per_feature	mutation_prevalence_BRCA2	retained_for_tree	TRUE
per_feature	mutation_prevalence_BRCA2	drop_reason	
per_feature	mutation_prevalence_CDKN2A	missing_fraction	0
per_feature	mutation_prevalence_CDKN2A	n_missing_projects	0
per_feature	mutation_prevalence_CDKN2A	imputed_value	0.00543478260869565
per_feature	mutation_prevalence_CDKN2A	n_imputed_values	0
per_feature	mutation_prevalence_CDKN2A	retained_for_tree	TRUE
per_feature	mutation_prevalence_CDKN2A	drop_reason	
per_feature	mutation_prevalence_CTNNB1	missing_fraction	0
per_feature	mutation_prevalence_CTNNB1	n_missing_projects	0
per_feature	mutation_prevalence_CTNNB1	imputed_value	0.00813008130081301
per_feature	mutation_prevalence_CTNNB1	n_imputed_values	0
per_feature	mutation_prevalence_CTNNB1	retained_for_tree	TRUE
per_feature	mutation_prevalence_CTNNB1	drop_reason	
per_feature	mutation_prevalence_EGFR	missing_fraction	0
per_feature	mutation_prevalence_EGFR	n_missing_projects	0
per_feature	mutation_prevalence_EGFR	imputed_value	0.0145631067961165
per_feature	mutation_prevalence_EGFR	n_imputed_values	0
per_feature	mutation_prevalence_EGFR	retained_for_tree	TRUE
per_feature	mutation_prevalence_EGFR	drop_reason	
per_feature	mutation_prevalence_ERBB2	missing_fraction	0
per_feature	mutation_prevalence_ERBB2	n_missing_projects	0
per_feature	mutation_prevalence_ERBB2	imputed_value	0.0112359550561798
per_feature	mutation_prevalence_ERBB2	n_imputed_values	0
per_feature	mutation_prevalence_ERBB2	retained_for_tree	TRUE
per_feature	mutation_prevalence_ERBB2	drop_reason	
per_feature	mutation_prevalence_IDH1	missing_fraction	0
per_feature	mutation_prevalence_IDH1	n_missing_projects	0
per_feature	mutation_prevalence_IDH1	imputed_value	0.00662251655629139
per_feature	mutation_prevalence_IDH1	n_imputed_values	0
per_feature	mutation_prevalence_IDH1	retained_for_tree	TRUE
per_feature	mutation_prevalence_IDH1	drop_reason	
per_feature	mutation_prevalence_IDH2	missing_fraction	0
per_feature	mutation_prevalence_IDH2	n_missing_projects	0
per_feature	mutation_prevalence_IDH2	imputed_value	0.0027027027027027
per_feature	mutation_prevalence_IDH2	n_imputed_values	0
per_feature	mutation_prevalence_IDH2	retained_for_tree	TRUE
per_feature	mutation_prevalence_IDH2	drop_reason	
per_feature	mutation_prevalence_KRAS	missing_fraction	0
per_feature	mutation_prevalence_KRAS	n_missing_projects	0
per_feature	mutation_prevalence_KRAS	imputed_value	0.0145631067961165
per_feature	mutation_prevalence_KRAS	n_imputed_values	0
per_feature	mutation_prevalence_KRAS	retained_for_tree	TRUE
per_feature	mutation_prevalence_KRAS	drop_reason	
per_feature	mutation_prevalence_MET	missing_fraction	0
per_feature	mutation_prevalence_MET	n_missing_projects	0
per_feature	mutation_prevalence_MET	imputed_value	0.0103092783505155
per_feature	mutation_prevalence_MET	n_imputed_values	0
per_feature	mutation_prevalence_MET	retained_for_tree	TRUE
per_feature	mutation_prevalence_MET	drop_reason	
per_feature	mutation_prevalence_MLH1	missing_fraction	0
per_feature	mutation_prevalence_MLH1	n_missing_projects	0
per_feature	mutation_prevalence_MLH1	imputed_value	0.00418410041841004
per_feature	mutation_prevalence_MLH1	n_imputed_values	0
per_feature	mutation_prevalence_MLH1	retained_for_tree	TRUE
per_feature	mutation_prevalence_MLH1	drop_reason	
per_feature	mutation_prevalence_MSH2	missing_fraction	0
per_feature	mutation_prevalence_MSH2	n_missing_projects	0
per_feature	mutation_prevalence_MSH2	imputed_value	0.00561797752808989
per_feature	mutation_prevalence_MSH2	n_imputed_values	0
per_feature	mutation_prevalence_MSH2	retained_for_tree	TRUE
per_feature	mutation_prevalence_MSH2	drop_reason	
per_feature	mutation_prevalence_MSH6	missing_fraction	0
per_feature	mutation_prevalence_MSH6	n_missing_projects	0
per_feature	mutation_prevalence_MSH6	imputed_value	0.00728155339805825
per_feature	mutation_prevalence_MSH6	n_imputed_values	0
per_feature	mutation_prevalence_MSH6	retained_for_tree	TRUE
per_feature	mutation_prevalence_MSH6	drop_reason	
per_feature	mutation_prevalence_MYC	missing_fraction	0
per_feature	mutation_prevalence_MYC	n_missing_projects	0
per_feature	mutation_prevalence_MYC	imputed_value	0.00321543408360129
per_feature	mutation_prevalence_MYC	n_imputed_values	0
per_feature	mutation_prevalence_MYC	retained_for_tree	TRUE
per_feature	mutation_prevalence_MYC	drop_reason	
per_feature	mutation_prevalence_NF1	missing_fraction	0
per_feature	mutation_prevalence_NF1	n_missing_projects	0
per_feature	mutation_prevalence_NF1	imputed_value	0.0418410041841004
per_feature	mutation_prevalence_NF1	n_imputed_values	0
per_feature	mutation_prevalence_NF1	retained_for_tree	TRUE
per_feature	mutation_prevalence_NF1	drop_reason	
per_feature	mutation_prevalence_PIK3CA	missing_fraction	0
per_feature	mutation_prevalence_PIK3CA	n_missing_projects	0
per_feature	mutation_prevalence_PIK3CA	imputed_value	0.0356164383561644
per_feature	mutation_prevalence_PIK3CA	n_imputed_values	0
per_feature	mutation_prevalence_PIK3CA	retained_for_tree	TRUE
per_feature	mutation_prevalence_PIK3CA	drop_reason	
per_feature	mutation_prevalence_PMS2	missing_fraction	0
per_feature	mutation_prevalence_PMS2	n_missing_projects	0
per_feature	mutation_prevalence_PMS2	imputed_value	0.00561797752808989
per_feature	mutation_prevalence_PMS2	n_imputed_values	0
per_feature	mutation_prevalence_PMS2	retained_for_tree	TRUE
per_feature	mutation_prevalence_PMS2	drop_reason	
per_feature	mutation_prevalence_POLE	missing_fraction	0
per_feature	mutation_prevalence_POLE	n_missing_projects	0
per_feature	mutation_prevalence_POLE	imputed_value	0.0151515151515152
per_feature	mutation_prevalence_POLE	n_imputed_values	0
per_feature	mutation_prevalence_POLE	retained_for_tree	TRUE
per_feature	mutation_prevalence_POLE	drop_reason	
per_feature	mutation_prevalence_PTEN	missing_fraction	0
per_feature	mutation_prevalence_PTEN	n_missing_projects	0
per_feature	mutation_prevalence_PTEN	imputed_value	0.0283687943262411
per_feature	mutation_prevalence_PTEN	n_imputed_values	0
per_feature	mutation_prevalence_PTEN	retained_for_tree	TRUE
per_feature	mutation_prevalence_PTEN	drop_reason	
per_feature	mutation_prevalence_RB1	missing_fraction	0
per_feature	mutation_prevalence_RB1	n_missing_projects	0
per_feature	mutation_prevalence_RB1	imputed_value	0.027027027027027
per_feature	mutation_prevalence_RB1	n_imputed_values	0
per_feature	mutation_prevalence_RB1	retained_for_tree	TRUE
per_feature	mutation_prevalence_RB1	drop_reason	
per_feature	mutation_prevalence_SMAD4	missing_fraction	0
per_feature	mutation_prevalence_SMAD4	n_missing_projects	0
per_feature	mutation_prevalence_SMAD4	imputed_value	0.00857449088960343
per_feature	mutation_prevalence_SMAD4	n_imputed_values	0
per_feature	mutation_prevalence_SMAD4	retained_for_tree	TRUE
per_feature	mutation_prevalence_SMAD4	drop_reason	
per_feature	mutation_prevalence_TERT	missing_fraction	0
per_feature	mutation_prevalence_TERT	n_missing_projects	0
per_feature	mutation_prevalence_TERT	imputed_value	0.007502679528403
per_feature	mutation_prevalence_TERT	n_imputed_values	0
per_feature	mutation_prevalence_TERT	retained_for_tree	TRUE
per_feature	mutation_prevalence_TERT	drop_reason	
per_feature	mutation_prevalence_TP53	missing_fraction	0
per_feature	mutation_prevalence_TP53	n_missing_projects	0
per_feature	mutation_prevalence_TP53	imputed_value	0.315136476426799
per_feature	mutation_prevalence_TP53	n_imputed_values	0
per_feature	mutation_prevalence_TP53	retained_for_tree	TRUE
per_feature	mutation_prevalence_TP53	drop_reason	
per_feature	mutation_prevalence_VHL	missing_fraction	0
per_feature	mutation_prevalence_VHL	n_missing_projects	0
per_feature	mutation_prevalence_VHL	imputed_value	0
per_feature	mutation_prevalence_VHL	n_imputed_values	0
per_feature	mutation_prevalence_VHL	retained_for_tree	TRUE
per_feature	mutation_prevalence_VHL	drop_reason	
per_feature	tmb_proxy_mean_nonsynonymous_count	missing_fraction	0
per_feature	tmb_proxy_mean_nonsynonymous_count	n_missing_projects	0
per_feature	tmb_proxy_mean_nonsynonymous_count	imputed_value	89.0235798499464
per_feature	tmb_proxy_mean_nonsynonymous_count	n_imputed_values	0
per_feature	tmb_proxy_mean_nonsynonymous_count	retained_for_tree	TRUE
per_feature	tmb_proxy_mean_nonsynonymous_count	drop_reason	
per_feature	tmb_proxy_mean_total_mutation_count	missing_fraction	0
per_feature	tmb_proxy_mean_total_mutation_count	n_missing_projects	0
per_feature	tmb_proxy_mean_total_mutation_count	imputed_value	135.561629153269
per_feature	tmb_proxy_mean_total_mutation_count	n_imputed_values	0
per_feature	tmb_proxy_mean_total_mutation_count	retained_for_tree	TRUE
per_feature	tmb_proxy_mean_total_mutation_count	drop_reason	
per_feature	tmb_proxy_median_nonsynonymous_count	missing_fraction	0
per_feature	tmb_proxy_median_nonsynonymous_count	n_missing_projects	0
per_feature	tmb_proxy_median_nonsynonymous_count	imputed_value	51
per_feature	tmb_proxy_median_nonsynonymous_count	n_imputed_values	0
per_feature	tmb_proxy_median_nonsynonymous_count	retained_for_tree	TRUE
per_feature	tmb_proxy_median_nonsynonymous_count	drop_reason	
per_feature	tmb_proxy_median_total_mutation_count	missing_fraction	0
per_feature	tmb_proxy_median_total_mutation_count	n_missing_projects	0
per_feature	tmb_proxy_median_total_mutation_count	imputed_value	77
per_feature	tmb_proxy_median_total_mutation_count	n_imputed_values	0
per_feature	tmb_proxy_median_total_mutation_count	retained_for_tree	TRUE
per_feature	tmb_proxy_median_total_mutation_count	drop_reason	
