feature_name	feature_class	pc	loading	abs_loading
tmb_proxy_mean_nonsynonymous_count	mutation	PC1	-0.238339045626504	0.238339045626504
mutation_prevalence_BRCA2	mutation	PC1	-0.23701691917301	0.23701691917301
mutation_prevalence_POLE	mutation	PC1	-0.235674628021365	0.235674628021365
tmb_proxy_mean_total_mutation_count	mutation	PC1	-0.235516968267698	0.235516968267698
mutation_prevalence_MSH6	mutation	PC1	-0.223043619303255	0.223043619303255
mutation_prevalence_MLH1	mutation	PC1	-0.222841863233804	0.222841863233804
mutation_prevalence_PMS2	mutation	PC1	-0.222313012381743	0.222313012381743
mutation_prevalence_MSH2	mutation	PC1	-0.213828485840725	0.213828485840725
mutation_prevalence_ALK	mutation	PC1	-0.21378673682364	0.21378673682364
mutation_prevalence_BRCA1	mutation	PC1	-0.209398433602692	0.209398433602692
mutation_prevalence_MET	mutation	PC1	-0.20040040695505	0.20040040695505
mutation_prevalence_ARID1A	mutation	PC1	-0.199869621614604	0.199869621614604
mutation_prevalence_ERBB2	mutation	PC1	-0.183121301185021	0.183121301185021
mutation_prevalence_NF1	mutation	PC1	-0.182246815548211	0.182246815548211
mutation_prevalence_TERT	mutation	PC1	-0.178858389300014	0.178858389300014
mutation_prevalence_PIK3CA	mutation	PC1	-0.175291913338666	0.175291913338666
tmb_proxy_median_nonsynonymous_count	mutation	PC1	-0.1680298453649	0.1680298453649
tmb_proxy_median_total_mutation_count	mutation	PC1	-0.167166228241763	0.167166228241763
mutation_prevalence_PTEN	mutation	PC1	-0.160693447942067	0.160693447942067
mutation_prevalence_RB1	mutation	PC1	-0.154522800262803	0.154522800262803
mutation_prevalence_CTNNB1	mutation	PC1	-0.131441925864801	0.131441925864801
mutation_prevalence_APC	mutation	PC1	-0.116769734365834	0.116769734365834
mutation_prevalence_TP53	mutation	PC1	-0.106712081103853	0.106712081103853
mutation_prevalence_MYC	mutation	PC1	-0.104599854082515	0.104599854082515
median_cell_cycle_score	expression	PC1	-0.095129923623271	0.095129923623271
median_proliferation_score	expression	PC1	-0.0941963461239828	0.0941963461239828
median_arm_gain_count	copy_number_aneuploidy	PC1	-0.0931189650044964	0.0931189650044964
mutation_prevalence_SMAD4	mutation	PC1	-0.0927415282995971	0.0927415282995971
median_epithelial_score	expression	PC1	-0.0900620260872435	0.0900620260872435
mutation_prevalence_KRAS	mutation	PC1	-0.0892976150765159	0.0892976150765159
mutation_prevalence_EGFR	mutation	PC1	-0.0835526725210739	0.0835526725210739
median_lineage_or_tissue_PC2	expression	PC1	-0.0832025223554986	0.0832025223554986
median_lineage_or_tissue_PC1	expression	PC1	0.0820689972846111	0.0820689972846111
median_ploidy	copy_number_aneuploidy	PC1	-0.081507015357105	0.081507015357105
median_aneuploidy_score	copy_number_aneuploidy	PC1	-0.0802331317146834	0.0802331317146834
median_total_arm_alteration_count	copy_number_aneuploidy	PC1	-0.0802331317146834	0.0802331317146834
mutation_prevalence_CDKN2A	mutation	PC1	-0.0738922809062073	0.0738922809062073
median_angiogenesis_score	expression	PC1	0.0649878984820547	0.0649878984820547
mutation_prevalence_IDH2	mutation	PC1	-0.058550642280199	0.058550642280199
mutation_prevalence_BRAF	mutation	PC1	-0.0571541153902934	0.0571541153902934
median_EMT_score	expression	PC1	0.0550113904837354	0.0550113904837354
median_DNA_repair_score	expression	PC1	-0.0481308816532138	0.0481308816532138
mutation_prevalence_VHL	mutation	PC1	0.039078827647728	0.039078827647728
median_arm_loss_count	copy_number_aneuploidy	PC1	-0.0387392491052427	0.0387392491052427
median_hypoxia_score	expression	PC1	-0.0374497877263213	0.0374497877263213
median_immune_inflammatory_score	expression	PC1	0.0354950268277364	0.0354950268277364
median_cytotoxic_t_cell_score	expression	PC1	0.0330283445743253	0.0330283445743253
mutation_prevalence_BAP1	mutation	PC1	0.0288787560811238	0.0288787560811238
median_purity	copy_number_aneuploidy	PC1	0.0286128473973322	0.0286128473973322
median_interferon_gamma_score	expression	PC1	-0.0281577209887801	0.0281577209887801
mutation_prevalence_IDH1	mutation	PC1	0.0245831780384271	0.0245831780384271
median_stromal_score	expression	PC1	0.0148404410109468	0.0148404410109468
median_lineage_or_tissue_PC1	expression	PC2	0.338640719273229	0.338640719273229
median_proliferation_score	expression	PC2	-0.328829364451566	0.328829364451566
median_cell_cycle_score	expression	PC2	-0.327690301130653	0.327690301130653
median_interferon_gamma_score	expression	PC2	-0.287364559073466	0.287364559073466
median_DNA_repair_score	expression	PC2	-0.286509492074245	0.286509492074245
median_cytotoxic_t_cell_score	expression	PC2	-0.262510983298256	0.262510983298256
median_immune_inflammatory_score	expression	PC2	-0.255085078225356	0.255085078225356
mutation_prevalence_MYC	mutation	PC2	-0.181085271516004	0.181085271516004
median_purity	copy_number_aneuploidy	PC2	0.17225922395784	0.17225922395784
median_ploidy	copy_number_aneuploidy	PC2	-0.171447178802635	0.171447178802635
median_arm_gain_count	copy_number_aneuploidy	PC2	-0.153832115660325	0.153832115660325
median_aneuploidy_score	copy_number_aneuploidy	PC2	-0.147634530261216	0.147634530261216
median_total_arm_alteration_count	copy_number_aneuploidy	PC2	-0.147634530261216	0.147634530261216
median_lineage_or_tissue_PC2	expression	PC2	0.135362615857922	0.135362615857922
median_arm_loss_count	copy_number_aneuploidy	PC2	-0.12105200534631	0.12105200534631
mutation_prevalence_TERT	mutation	PC2	0.119300898386859	0.119300898386859
mutation_prevalence_CTNNB1	mutation	PC2	0.119265902570389	0.119265902570389
mutation_prevalence_BAP1	mutation	PC2	0.117049073899856	0.117049073899856
mutation_prevalence_IDH1	mutation	PC2	0.117008947091775	0.117008947091775
mutation_prevalence_IDH2	mutation	PC2	0.11460273030009	0.11460273030009
mutation_prevalence_PTEN	mutation	PC2	0.113010821831704	0.113010821831704
mutation_prevalence_MSH2	mutation	PC2	0.0913633083386645	0.0913633083386645
mutation_prevalence_PMS2	mutation	PC2	0.0834777391636008	0.0834777391636008
median_hypoxia_score	expression	PC2	-0.0798866578228039	0.0798866578228039
mutation_prevalence_TP53	mutation	PC2	-0.0773669121174789	0.0773669121174789
mutation_prevalence_POLE	mutation	PC2	0.0760636749435861	0.0760636749435861
mutation_prevalence_MSH6	mutation	PC2	0.0753848924868635	0.0753848924868635
mutation_prevalence_BRAF	mutation	PC2	0.072407604709785	0.072407604709785
tmb_proxy_median_nonsynonymous_count	mutation	PC2	-0.0700599723922665	0.0700599723922665
median_angiogenesis_score	expression	PC2	0.0696239596007384	0.0696239596007384
mutation_prevalence_BRCA1	mutation	PC2	-0.0687629517919213	0.0687629517919213
tmb_proxy_median_total_mutation_count	mutation	PC2	-0.0664234792363746	0.0664234792363746
mutation_prevalence_EGFR	mutation	PC2	0.0661863040079898	0.0661863040079898
tmb_proxy_mean_total_mutation_count	mutation	PC2	0.0645066467954616	0.0645066467954616
median_EMT_score	expression	PC2	0.0636402804716283	0.0636402804716283
mutation_prevalence_MLH1	mutation	PC2	0.0628573985597669	0.0628573985597669
tmb_proxy_mean_nonsynonymous_count	mutation	PC2	0.0591983383434454	0.0591983383434454
mutation_prevalence_MET	mutation	PC2	0.0591673602200068	0.0591673602200068
mutation_prevalence_CDKN2A	mutation	PC2	-0.0515586996744434	0.0515586996744434
mutation_prevalence_ALK	mutation	PC2	0.0469265505290788	0.0469265505290788
mutation_prevalence_VHL	mutation	PC2	0.0385173460322446	0.0385173460322446
mutation_prevalence_BRCA2	mutation	PC2	0.0371637243301302	0.0371637243301302
mutation_prevalence_ARID1A	mutation	PC2	0.0308178333595496	0.0308178333595496
median_epithelial_score	expression	PC2	0.0260575113930509	0.0260575113930509
mutation_prevalence_PIK3CA	mutation	PC2	0.0170044749129306	0.0170044749129306
mutation_prevalence_SMAD4	mutation	PC2	-0.0161798959293091	0.0161798959293091
mutation_prevalence_RB1	mutation	PC2	0.0160246455720101	0.0160246455720101
mutation_prevalence_NF1	mutation	PC2	0.0144870930831536	0.0144870930831536
mutation_prevalence_KRAS	mutation	PC2	-0.00890602328061947	0.00890602328061947
mutation_prevalence_ERBB2	mutation	PC2	-0.0047044406453948	0.0047044406453948
mutation_prevalence_APC	mutation	PC2	-0.00286154015406023	0.00286154015406023
median_stromal_score	expression	PC2	0.000254683105604984	0.000254683105604984
median_arm_loss_count	copy_number_aneuploidy	PC3	-0.34348236620532	0.34348236620532
median_aneuploidy_score	copy_number_aneuploidy	PC3	-0.332978419019961	0.332978419019961
median_total_arm_alteration_count	copy_number_aneuploidy	PC3	-0.332978419019961	0.332978419019961
median_cytotoxic_t_cell_score	expression	PC3	0.270113106485893	0.270113106485893
median_lineage_or_tissue_PC2	expression	PC3	-0.266453786293965	0.266453786293965
median_immune_inflammatory_score	expression	PC3	0.26482083435279	0.26482083435279
median_ploidy	copy_number_aneuploidy	PC3	-0.245488596709038	0.245488596709038
mutation_prevalence_TP53	mutation	PC3	-0.240871649548313	0.240871649548313
median_arm_gain_count	copy_number_aneuploidy	PC3	-0.223797720540873	0.223797720540873
mutation_prevalence_MYC	mutation	PC3	0.203234968333227	0.203234968333227
median_interferon_gamma_score	expression	PC3	0.18234843360804	0.18234843360804
mutation_prevalence_VHL	mutation	PC3	0.126166058504276	0.126166058504276
median_epithelial_score	expression	PC3	-0.120880241913824	0.120880241913824
mutation_prevalence_SMAD4	mutation	PC3	-0.115843721667334	0.115843721667334
mutation_prevalence_BRCA1	mutation	PC3	0.11400424898302	0.11400424898302
mutation_prevalence_PTEN	mutation	PC3	0.111149540297621	0.111149540297621
mutation_prevalence_CDKN2A	mutation	PC3	-0.106107138523569	0.106107138523569
tmb_proxy_mean_total_mutation_count	mutation	PC3	0.103984975280796	0.103984975280796
mutation_prevalence_IDH2	mutation	PC3	0.0993908720270109	0.0993908720270109
median_angiogenesis_score	expression	PC3	0.0954251293738601	0.0954251293738601
tmb_proxy_mean_nonsynonymous_count	mutation	PC3	0.0920188265910277	0.0920188265910277
mutation_prevalence_ARID1A	mutation	PC3	0.0865353966321652	0.0865353966321652
median_stromal_score	expression	PC3	-0.0847787017461493	0.0847787017461493
mutation_prevalence_MET	mutation	PC3	0.0840024069076516	0.0840024069076516
mutation_prevalence_KRAS	mutation	PC3	-0.0829097606849613	0.0829097606849613
mutation_prevalence_RB1	mutation	PC3	-0.0824987848902452	0.0824987848902452
mutation_prevalence_TERT	mutation	PC3	0.0670769747713733	0.0670769747713733
mutation_prevalence_BRAF	mutation	PC3	0.0664720883187466	0.0664720883187466
median_DNA_repair_score	expression	PC3	0.065555653812026	0.065555653812026
mutation_prevalence_BAP1	mutation	PC3	0.0641568153665307	0.0641568153665307
mutation_prevalence_MSH2	mutation	PC3	0.0631314095334085	0.0631314095334085
mutation_prevalence_APC	mutation	PC3	-0.0607615130415959	0.0607615130415959
median_lineage_or_tissue_PC1	expression	PC3	-0.0535538961846057	0.0535538961846057
median_purity	copy_number_aneuploidy	PC3	-0.0523955729850809	0.0523955729850809
mutation_prevalence_POLE	mutation	PC3	0.0491424802509461	0.0491424802509461
mutation_prevalence_MLH1	mutation	PC3	0.0482020346624011	0.0482020346624011
mutation_prevalence_PMS2	mutation	PC3	0.0424313473792703	0.0424313473792703
mutation_prevalence_MSH6	mutation	PC3	0.0413781154969921	0.0413781154969921
median_proliferation_score	expression	PC3	0.0408840993610414	0.0408840993610414
mutation_prevalence_ERBB2	mutation	PC3	-0.0405854064658064	0.0405854064658064
mutation_prevalence_CTNNB1	mutation	PC3	0.0392166893080296	0.0392166893080296
median_cell_cycle_score	expression	PC3	0.0375767042632408	0.0375767042632408
mutation_prevalence_IDH1	mutation	PC3	0.0356483814844074	0.0356483814844074
median_hypoxia_score	expression	PC3	0.0260247597841628	0.0260247597841628
mutation_prevalence_PIK3CA	mutation	PC3	-0.022194381154164	0.022194381154164
mutation_prevalence_ALK	mutation	PC3	0.0217767186190923	0.0217767186190923
tmb_proxy_median_nonsynonymous_count	mutation	PC3	-0.0178230042812045	0.0178230042812045
mutation_prevalence_NF1	mutation	PC3	0.0156621450627872	0.0156621450627872
mutation_prevalence_BRCA2	mutation	PC3	0.0141726051570764	0.0141726051570764
median_EMT_score	expression	PC3	-0.0104275710684804	0.0104275710684804
tmb_proxy_median_total_mutation_count	mutation	PC3	-0.00935379264363435	0.00935379264363435
mutation_prevalence_EGFR	mutation	PC3	0.00188100590627236	0.00188100590627236
median_hypoxia_score	expression	PC4	0.285310359629755	0.285310359629755
median_angiogenesis_score	expression	PC4	0.277865373986112	0.277865373986112
tmb_proxy_median_nonsynonymous_count	mutation	PC4	0.27416106610819	0.27416106610819
tmb_proxy_median_total_mutation_count	mutation	PC4	0.27121577511216	0.27121577511216
mutation_prevalence_VHL	mutation	PC4	0.253911541573178	0.253911541573178
median_lineage_or_tissue_PC2	expression	PC4	-0.248738787232803	0.248738787232803
mutation_prevalence_IDH2	mutation	PC4	-0.228804890068319	0.228804890068319
median_EMT_score	expression	PC4	0.220373109031147	0.220373109031147
median_epithelial_score	expression	PC4	-0.199543296966207	0.199543296966207
mutation_prevalence_NF1	mutation	PC4	0.182029313793317	0.182029313793317
mutation_prevalence_CDKN2A	mutation	PC4	0.177599933908746	0.177599933908746
mutation_prevalence_APC	mutation	PC4	-0.174976397841925	0.174976397841925
mutation_prevalence_BRAF	mutation	PC4	0.158792875070271	0.158792875070271
mutation_prevalence_TERT	mutation	PC4	0.15744327484203	0.15744327484203
mutation_prevalence_PIK3CA	mutation	PC4	-0.155875424732463	0.155875424732463
mutation_prevalence_ALK	mutation	PC4	0.154395014250437	0.154395014250437
mutation_prevalence_KRAS	mutation	PC4	-0.141022986786271	0.141022986786271
mutation_prevalence_SMAD4	mutation	PC4	-0.137543056403403	0.137543056403403
mutation_prevalence_EGFR	mutation	PC4	0.131348146993259	0.131348146993259
mutation_prevalence_MSH2	mutation	PC4	-0.115654952064491	0.115654952064491
median_lineage_or_tissue_PC1	expression	PC4	0.113040401466867	0.113040401466867
median_DNA_repair_score	expression	PC4	-0.111440730190259	0.111440730190259
median_stromal_score	expression	PC4	0.110596527872861	0.110596527872861
mutation_prevalence_MSH6	mutation	PC4	-0.107425120413095	0.107425120413095
median_cell_cycle_score	expression	PC4	-0.105462230612622	0.105462230612622
mutation_prevalence_ARID1A	mutation	PC4	-0.104797076879569	0.104797076879569
median_proliferation_score	expression	PC4	-0.100933235924074	0.100933235924074
median_aneuploidy_score	copy_number_aneuploidy	PC4	0.092655396113655	0.092655396113655
median_total_arm_alteration_count	copy_number_aneuploidy	PC4	0.092655396113655	0.092655396113655
median_arm_loss_count	copy_number_aneuploidy	PC4	0.0897830913707959	0.0897830913707959
median_interferon_gamma_score	expression	PC4	0.0813183786719822	0.0813183786719822
median_purity	copy_number_aneuploidy	PC4	-0.0784447523608409	0.0784447523608409
mutation_prevalence_MLH1	mutation	PC4	-0.0782252040955723	0.0782252040955723
mutation_prevalence_CTNNB1	mutation	PC4	-0.0678581621106099	0.0678581621106099
mutation_prevalence_MET	mutation	PC4	0.0677225339819657	0.0677225339819657
mutation_prevalence_BRCA1	mutation	PC4	0.0618775557226655	0.0618775557226655
median_arm_gain_count	copy_number_aneuploidy	PC4	0.0615231626977345	0.0615231626977345
mutation_prevalence_RB1	mutation	PC4	0.0578209826731184	0.0578209826731184
mutation_prevalence_PTEN	mutation	PC4	-0.0572725779447346	0.0572725779447346
median_immune_inflammatory_score	expression	PC4	-0.0557223551399503	0.0557223551399503
mutation_prevalence_IDH1	mutation	PC4	-0.0474388007534233	0.0474388007534233
median_cytotoxic_t_cell_score	expression	PC4	-0.041619205965397	0.041619205965397
median_ploidy	copy_number_aneuploidy	PC4	0.0410660755233403	0.0410660755233403
mutation_prevalence_ERBB2	mutation	PC4	-0.0377786446763164	0.0377786446763164
mutation_prevalence_MYC	mutation	PC4	-0.0325146172876849	0.0325146172876849
mutation_prevalence_BAP1	mutation	PC4	0.0248725915150442	0.0248725915150442
tmb_proxy_mean_nonsynonymous_count	mutation	PC4	0.0237123466153807	0.0237123466153807
mutation_prevalence_TP53	mutation	PC4	-0.0226811549063412	0.0226811549063412
mutation_prevalence_PMS2	mutation	PC4	0.020373535144519	0.020373535144519
tmb_proxy_mean_total_mutation_count	mutation	PC4	0.0188759662105914	0.0188759662105914
mutation_prevalence_BRCA2	mutation	PC4	0.0138804895993355	0.0138804895993355
mutation_prevalence_POLE	mutation	PC4	0.0011982588665837	0.0011982588665837
mutation_prevalence_SMAD4	mutation	PC5	0.371737845577591	0.371737845577591
median_epithelial_score	expression	PC5	0.350799205646428	0.350799205646428
mutation_prevalence_KRAS	mutation	PC5	0.341185947610146	0.341185947610146
median_purity	copy_number_aneuploidy	PC5	-0.323283111312857	0.323283111312857
median_angiogenesis_score	expression	PC5	0.249477032567674	0.249477032567674
mutation_prevalence_VHL	mutation	PC5	0.244817643225475	0.244817643225475
median_hypoxia_score	expression	PC5	0.24383289488922	0.24383289488922
mutation_prevalence_APC	mutation	PC5	0.216644820460018	0.216644820460018
mutation_prevalence_NF1	mutation	PC5	-0.187559636377178	0.187559636377178
mutation_prevalence_CDKN2A	mutation	PC5	0.162303615618118	0.162303615618118
median_stromal_score	expression	PC5	0.154279058505643	0.154279058505643
mutation_prevalence_EGFR	mutation	PC5	-0.153893818690251	0.153893818690251
mutation_prevalence_RB1	mutation	PC5	-0.143481557512249	0.143481557512249
mutation_prevalence_IDH1	mutation	PC5	-0.142568594766355	0.142568594766355
mutation_prevalence_PTEN	mutation	PC5	-0.129679906511928	0.129679906511928
mutation_prevalence_BAP1	mutation	PC5	0.124291691987402	0.124291691987402
median_EMT_score	expression	PC5	-0.12190225757039	0.12190225757039
median_ploidy	copy_number_aneuploidy	PC5	-0.117399149978811	0.117399149978811
median_arm_gain_count	copy_number_aneuploidy	PC5	-0.094174545074467	0.094174545074467
mutation_prevalence_MET	mutation	PC5	-0.0826411798779927	0.0826411798779927
median_lineage_or_tissue_PC2	expression	PC5	-0.0822580920578714	0.0822580920578714
mutation_prevalence_MYC	mutation	PC5	-0.0815106984098727	0.0815106984098727
median_DNA_repair_score	expression	PC5	-0.0745462614773796	0.0745462614773796
mutation_prevalence_MSH2	mutation	PC5	0.0744788769156781	0.0744788769156781
median_interferon_gamma_score	expression	PC5	0.0686277458446246	0.0686277458446246
mutation_prevalence_MLH1	mutation	PC5	0.0675651137912205	0.0675651137912205
mutation_prevalence_IDH2	mutation	PC5	-0.0648675854996324	0.0648675854996324
mutation_prevalence_TP53	mutation	PC5	0.0616084329128938	0.0616084329128938
median_aneuploidy_score	copy_number_aneuploidy	PC5	-0.0582476798178726	0.0582476798178726
median_total_arm_alteration_count	copy_number_aneuploidy	PC5	-0.0582476798178726	0.0582476798178726
median_proliferation_score	expression	PC5	-0.0508299068838827	0.0508299068838827
median_cell_cycle_score	expression	PC5	-0.0504808187566522	0.0504808187566522
mutation_prevalence_CTNNB1	mutation	PC5	-0.042120846788299	0.042120846788299
median_lineage_or_tissue_PC1	expression	PC5	0.037990769589161	0.037990769589161
mutation_prevalence_ERBB2	mutation	PC5	0.0364811344703052	0.0364811344703052
mutation_prevalence_POLE	mutation	PC5	0.0302503279837936	0.0302503279837936
tmb_proxy_median_total_mutation_count	mutation	PC5	-0.0287163635108986	0.0287163635108986
tmb_proxy_median_nonsynonymous_count	mutation	PC5	-0.0208180462485963	0.0208180462485963
mutation_prevalence_BRCA1	mutation	PC5	-0.0193810872543928	0.0193810872543928
mutation_prevalence_BRAF	mutation	PC5	-0.0182038132277059	0.0182038132277059
mutation_prevalence_ALK	mutation	PC5	-0.0181686401914087	0.0181686401914087
mutation_prevalence_PMS2	mutation	PC5	0.0169380882475756	0.0169380882475756
mutation_prevalence_TERT	mutation	PC5	0.0167697168903405	0.0167697168903405
median_cytotoxic_t_cell_score	expression	PC5	0.0140721515700252	0.0140721515700252
mutation_prevalence_ARID1A	mutation	PC5	0.0125693834744043	0.0125693834744043
mutation_prevalence_BRCA2	mutation	PC5	0.012170490529347	0.012170490529347
median_arm_loss_count	copy_number_aneuploidy	PC5	-0.00843495755289323	0.00843495755289323
mutation_prevalence_PIK3CA	mutation	PC5	-0.00774384926231714	0.00774384926231714
tmb_proxy_mean_total_mutation_count	mutation	PC5	-0.00679417326939055	0.00679417326939055
median_immune_inflammatory_score	expression	PC5	0.003299576414969	0.003299576414969
tmb_proxy_mean_nonsynonymous_count	mutation	PC5	0.00283611952926745	0.00283611952926745
mutation_prevalence_MSH6	mutation	PC5	-0.00202350355374842	0.00202350355374842
mutation_prevalence_VHL	mutation	PC6	0.333220731481739	0.333220731481739
mutation_prevalence_BRAF	mutation	PC6	-0.330042095403996	0.330042095403996
median_angiogenesis_score	expression	PC6	0.314087519850379	0.314087519850379
median_hypoxia_score	expression	PC6	0.293013431356716	0.293013431356716
tmb_proxy_median_total_mutation_count	mutation	PC6	-0.24126592378117	0.24126592378117
mutation_prevalence_CDKN2A	mutation	PC6	-0.235479343607655	0.235479343607655
tmb_proxy_median_nonsynonymous_count	mutation	PC6	-0.231676315027887	0.231676315027887
mutation_prevalence_PTEN	mutation	PC6	0.217589787072943	0.217589787072943
mutation_prevalence_PIK3CA	mutation	PC6	0.21567315561867	0.21567315561867
mutation_prevalence_RB1	mutation	PC6	0.200348633139425	0.200348633139425
mutation_prevalence_ARID1A	mutation	PC6	0.177631806108325	0.177631806108325
mutation_prevalence_SMAD4	mutation	PC6	-0.156927065840253	0.156927065840253
mutation_prevalence_BAP1	mutation	PC6	0.155637790266159	0.155637790266159
median_purity	copy_number_aneuploidy	PC6	0.151352990668214	0.151352990668214
mutation_prevalence_ALK	mutation	PC6	-0.150080844842685	0.150080844842685
median_ploidy	copy_number_aneuploidy	PC6	0.139999484848403	0.139999484848403
mutation_prevalence_MSH6	mutation	PC6	0.131986498124531	0.131986498124531
mutation_prevalence_KRAS	mutation	PC6	-0.127481594641674	0.127481594641674
median_lineage_or_tissue_PC2	expression	PC6	-0.114119287795406	0.114119287795406
median_aneuploidy_score	copy_number_aneuploidy	PC6	0.107828635090613	0.107828635090613
median_total_arm_alteration_count	copy_number_aneuploidy	PC6	0.107828635090613	0.107828635090613
median_arm_gain_count	copy_number_aneuploidy	PC6	0.090274437886537	0.090274437886537
mutation_prevalence_IDH1	mutation	PC6	-0.0779310153734458	0.0779310153734458
mutation_prevalence_TERT	mutation	PC6	-0.0778528937983103	0.0778528937983103
median_immune_inflammatory_score	expression	PC6	-0.0763296818491388	0.0763296818491388
mutation_prevalence_IDH2	mutation	PC6	0.0751980675633069	0.0751980675633069
mutation_prevalence_CTNNB1	mutation	PC6	0.0687126598755931	0.0687126598755931
mutation_prevalence_NF1	mutation	PC6	-0.0686135438843639	0.0686135438843639
mutation_prevalence_APC	mutation	PC6	-0.0662144145517045	0.0662144145517045
mutation_prevalence_MSH2	mutation	PC6	0.0608046138533632	0.0608046138533632
median_stromal_score	expression	PC6	0.0542961840316232	0.0542961840316232
median_cell_cycle_score	expression	PC6	0.051778041828555	0.051778041828555
median_cytotoxic_t_cell_score	expression	PC6	-0.0516977563074684	0.0516977563074684
median_arm_loss_count	copy_number_aneuploidy	PC6	0.0512128707971268	0.0512128707971268
median_proliferation_score	expression	PC6	0.050042030679891	0.050042030679891
mutation_prevalence_ERBB2	mutation	PC6	0.0454470321373467	0.0454470321373467
mutation_prevalence_PMS2	mutation	PC6	-0.0435683382873865	0.0435683382873865
mutation_prevalence_MYC	mutation	PC6	0.0414191965894399	0.0414191965894399
median_EMT_score	expression	PC6	0.0374890037209115	0.0374890037209115
mutation_prevalence_POLE	mutation	PC6	0.037477137902721	0.037477137902721
mutation_prevalence_TP53	mutation	PC6	0.0372478736540945	0.0372478736540945
mutation_prevalence_EGFR	mutation	PC6	-0.0370156164333602	0.0370156164333602
tmb_proxy_mean_nonsynonymous_count	mutation	PC6	-0.0334147898140029	0.0334147898140029
median_epithelial_score	expression	PC6	-0.0275705591120779	0.0275705591120779
tmb_proxy_mean_total_mutation_count	mutation	PC6	-0.0261392908896448	0.0261392908896448
median_interferon_gamma_score	expression	PC6	0.0237184052716965	0.0237184052716965
mutation_prevalence_BRCA2	mutation	PC6	0.0232775634986342	0.0232775634986342
mutation_prevalence_MET	mutation	PC6	-0.0231696358626268	0.0231696358626268
median_DNA_repair_score	expression	PC6	0.0161774351269993	0.0161774351269993
mutation_prevalence_MLH1	mutation	PC6	0.0134336333483055	0.0134336333483055
median_lineage_or_tissue_PC1	expression	PC6	-0.0133306436892083	0.0133306436892083
mutation_prevalence_BRCA1	mutation	PC6	-0.00628381241934113	0.00628381241934113
