sample_barcode	patient_barcode	project_id	project_code	n_total_mutations	n_candidate_mutations_with_local_cn	n_copy_neutral_candidate_mutations	median_depth	median_observed_vaf	purity	ploidy	median_local_segment_mean	pct_mutations_neutral_like	pct_mutations_gain_like	pct_mutations_loss_like	eligible_for_limited_vaf_clustering	eligible_for_copy_number_aware_clustering	reason_not_copy_number_aware	readiness_class	notes
TCGA-D1-A103-01A	TCGA-D1-A103	TCGA-UCEC	UCEC	10694	6258	6258	61.0	0.3431014741663089	1.0	2.0	0.0154	99.99028088249587	0.0	0.009719117504130625	True	False	requires_allele_specific_cn	ready_for_limited_vaf_clustering	limited_vaf_based_clonal_clustering;requires_allele_specific_cn_for_cn_aware
TCGA-FS-A1ZG-06A	TCGA-FS-A1ZG	TCGA-SKCM	SKCM	2638	1713	1373	36.0	0.1071428571428571	1.0	1.97	0.0598	79.796397807361	10.884886452623336	9.318715740015662	True	False	requires_allele_specific_cn	ready_for_limited_vaf_clustering	limited_vaf_based_clonal_clustering;requires_allele_specific_cn_for_cn_aware
TCGA-EE-A3AD-06A	TCGA-EE-A3AD	TCGA-SKCM	SKCM	2444	1459	323	37.0	0.1142857142857142	1.0	3.89	0.1193	21.781342338539467	39.257070493879276	38.96158716758126	True	False	requires_allele_specific_cn	ready_for_limited_vaf_clustering	limited_vaf_based_clonal_clustering;requires_allele_specific_cn_for_cn_aware
TCGA-FS-A1ZZ-06A	TCGA-FS-A1ZZ	TCGA-SKCM	SKCM	2604	1399	1148	55.0	0.425	1.0	2.05	0.0197	81.7463453180561	13.591465823785065	4.662188858158831	True	False	requires_allele_specific_cn	ready_for_limited_vaf_clustering	limited_vaf_based_clonal_clustering;requires_allele_specific_cn_for_cn_aware
TCGA-AX-A2HC-01A	TCGA-AX-A2HC	TCGA-UCEC	UCEC	23246	11769	11110	44.0	0.4606741573033708	0.99	2.08	-0.009	94.44616954265182	5.473983054606752	0.0798474027414275	True	False	requires_allele_specific_cn	ready_for_limited_vaf_clustering	limited_vaf_based_clonal_clustering;requires_allele_specific_cn_for_cn_aware
TCGA-EE-A17Z-06A	TCGA-EE-A17Z	TCGA-SKCM	SKCM	1506	1032	815	36.0	0.1071428571428571	0.99	1.98	0.0589	79.62835512732278	7.157604955264969	13.21403991741225	True	False	requires_allele_specific_cn	ready_for_limited_vaf_clustering	limited_vaf_based_clonal_clustering;requires_allele_specific_cn_for_cn_aware
TCGA-GN-A262-06A	TCGA-GN-A262	TCGA-SKCM	SKCM	1485	866	0	36.0	0.12	1.0	1.71	0.2331	0.0	65.70827489481066	34.29172510518934	False	False	requires_allele_specific_cn	insufficient_neutral_mutations	copy_neutral_candidates_lt_50
TCGA-EE-A2GR-06A	TCGA-EE-A2GR	TCGA-SKCM	SKCM	2864	1559	978	44.0	0.3170731707317073	0.98	3.72	0.0993	63.86281588447653	11.010830324909747	25.126353790613717	True	False	requires_allele_specific_cn	ready_for_limited_vaf_clustering	limited_vaf_based_clonal_clustering;requires_allele_specific_cn_for_cn_aware
TCGA-EE-A29L-06A	TCGA-EE-A29L	TCGA-SKCM	SKCM	3660	2014	668	52.0	0.24841460967288775	0.97	3.41	0.0051	32.50712250712251	42.33618233618234	25.156695156695157	True	False	requires_allele_specific_cn	ready_for_limited_vaf_clustering	limited_vaf_based_clonal_clustering;requires_allele_specific_cn_for_cn_aware
TCGA-D9-A6EC-06A	TCGA-D9-A6EC	TCGA-SKCM	SKCM	5802	3279	1001	65.0	0.3703703703703703	0.95	3.33	0.1736	29.49704671558976	53.21281546447109	17.290137819939144	True	False	requires_allele_specific_cn	ready_for_limited_vaf_clustering	limited_vaf_based_clonal_clustering;requires_allele_specific_cn_for_cn_aware
TCGA-AP-A054-01A	TCGA-AP-A054	TCGA-UCEC	UCEC	1730	971	896	85.0	0.3529411764705882	0.95	2.01	0.001	93.4949733885275	5.795387344766411	0.7096392667060911	True	False	requires_allele_specific_cn	ready_for_limited_vaf_clustering	limited_vaf_based_clonal_clustering;requires_allele_specific_cn_for_cn_aware
TCGA-50-5930-01A	TCGA-50-5930	TCGA-LUAD	LUAD	1477	962	750	69.0	0.18562874251497	0.95	2.08	-0.0062	77.17086834733894	16.526610644257705	6.302521008403361	True	False	requires_allele_specific_cn	ready_for_limited_vaf_clustering	limited_vaf_based_clonal_clustering;requires_allele_specific_cn_for_cn_aware
TCGA-DX-A6YV-01A	TCGA-DX-A6YV	TCGA-SARC	SARC	1669	1097	176	35.0	0.1025641025641025	0.94	2.79	-0.2716	16.232961586121437	29.925650557620816	53.84138785625775	True	False	requires_allele_specific_cn	ready_for_limited_vaf_clustering	limited_vaf_based_clonal_clustering;requires_allele_specific_cn_for_cn_aware
TCGA-DK-A6AW-01A	TCGA-DK-A6AW	TCGA-BLCA	BLCA	5076	3286	3239	69.0	0.4444444444444444	0.93	1.98	0.0187	98.58385595792029	0.4046125834513453	1.0115314586283632	True	False	requires_allele_specific_cn	ready_for_limited_vaf_clustering	limited_vaf_based_clonal_clustering;requires_allele_specific_cn_for_cn_aware
TCGA-D1-A177-01A	TCGA-D1-A177	TCGA-UCEC	UCEC	1199	756	708	143.0	0.4117647058823529	0.98	2.04	-0.0142	93.24090121317158	6.759098786828423	0.0	True	False	requires_allele_specific_cn	ready_for_limited_vaf_clustering	limited_vaf_based_clonal_clustering;requires_allele_specific_cn_for_cn_aware
TCGA-AX-A0J0-01A	TCGA-AX-A0J0	TCGA-UCEC	UCEC	22388	14331	14325	69.0	0.4318181818181818	0.91	2.0	0.0094	99.94523048836147	0.05476951163852122	0.0	True	False	requires_allele_specific_cn	ready_for_limited_vaf_clustering	limited_vaf_based_clonal_clustering;requires_allele_specific_cn_for_cn_aware
TCGA-EY-A1GI-01A	TCGA-EY-A1GI	TCGA-UCEC	UCEC	7914	4044	4043	40.0	0.3846153846153846	0.91	2.0	0.0157	99.92212848799481	0.07787151200519143	0.0	True	False	requires_allele_specific_cn	ready_for_limited_vaf_clustering	limited_vaf_based_clonal_clustering;requires_allele_specific_cn_for_cn_aware
TCGA-D1-A167-01A	TCGA-D1-A167	TCGA-UCEC	UCEC	2450	1394	1394	85.5	0.4446556822982678	0.91	2.0	0.0054	100.0	0.0	0.0	True	False	requires_allele_specific_cn	ready_for_limited_vaf_clustering	limited_vaf_based_clonal_clustering;requires_allele_specific_cn_for_cn_aware
TCGA-AX-A2HA-01A	TCGA-AX-A2HA	TCGA-UCEC	UCEC	2963	1350	1174	42.0	0.3488372093023256	0.91	2.13	-0.04975	87.88623595505618	12.11376404494382	0.0	True	False	requires_allele_specific_cn	ready_for_limited_vaf_clustering	limited_vaf_based_clonal_clustering;requires_allele_specific_cn_for_cn_aware
TCGA-AD-6889-01A	TCGA-AD-6889	TCGA-COAD	COAD	2638	1561	1560	64.0	0.408839551855278	0.88	2.0	0.0051	99.92035045798487	0.07964954201513341	0.0	True	False	requires_allele_specific_cn	ready_for_limited_vaf_clustering	limited_vaf_based_clonal_clustering;requires_allele_specific_cn_for_cn_aware
TCGA-AZ-6598-01A	TCGA-AZ-6598	TCGA-COAD	COAD	3577	2185	1583	110.0	0.3614457831325301	0.86	2.28	-0.0923	72.37456242707118	24.329054842473745	3.296382730455076	True	False	requires_allele_specific_cn	ready_for_limited_vaf_clustering	limited_vaf_based_clonal_clustering;requires_allele_specific_cn_for_cn_aware
TCGA-CK-6746-01A	TCGA-CK-6746	TCGA-COAD	COAD	1836	1097	1058	54.0	0.3989795918367347	0.85	2.05	-0.0016	96.72131147540983	3.278688524590164	0.0	True	False	requires_allele_specific_cn	ready_for_limited_vaf_clustering	limited_vaf_based_clonal_clustering;requires_allele_specific_cn_for_cn_aware
TCGA-L9-A7SV-01A	TCGA-L9-A7SV	TCGA-LUAD	LUAD	2061	1261	459	62.0	0.3225806451612903	0.83	3.06	0.0928	35.49367088607595	41.11392405063291	23.39240506329114	True	False	requires_allele_specific_cn	ready_for_limited_vaf_clustering	limited_vaf_based_clonal_clustering;requires_allele_specific_cn_for_cn_aware
TCGA-AG-A02N-01A	TCGA-AG-A02N	TCGA-READ	READ	1687	990	888	113.0	0.3888888888888889	0.83	2.11	-0.0279	90.56372549019608	8.823529411764707	0.6127450980392157	True	False	requires_allele_specific_cn	ready_for_limited_vaf_clustering	limited_vaf_based_clonal_clustering;requires_allele_specific_cn_for_cn_aware
TCGA-AG-A002-01A	TCGA-AG-A002	TCGA-READ	READ	17069	10694	10691	108.0	0.3941368078175896	0.82	2.0	0.0089	99.97610228223205	0.011948858883976581	0.011948858883976581	True	False	requires_allele_specific_cn	ready_for_limited_vaf_clustering	limited_vaf_based_clonal_clustering;requires_allele_specific_cn_for_cn_aware
TCGA-78-7155-01A	TCGA-78-7155	TCGA-LUAD	LUAD	1939	1254	412	60.0	0.4705882352941176	0.82	2.5	0.027	34.76625470177324	44.43847393874261	20.795271359484147	True	False	requires_allele_specific_cn	ready_for_limited_vaf_clustering	limited_vaf_based_clonal_clustering;requires_allele_specific_cn_for_cn_aware
TCGA-05-4396-01A	TCGA-05-4396	TCGA-LUAD	LUAD	1938	1192	461	38.0	0.1081081081081081	0.82	1.86	0.0883	38.498659517426276	28.847184986595174	32.65415549597855	True	False	requires_allele_specific_cn	ready_for_limited_vaf_clustering	limited_vaf_based_clonal_clustering;requires_allele_specific_cn_for_cn_aware
TCGA-AA-3492-01A	TCGA-AA-3492	TCGA-COAD	COAD	3175	1821	1820	49.0	0.3670886075949367	0.81	2.0	0.0204	99.90240728692258	0.0	0.09759271307742355	True	False	requires_allele_specific_cn	ready_for_limited_vaf_clustering	limited_vaf_based_clonal_clustering;requires_allele_specific_cn_for_cn_aware
TCGA-A6-6653-01A	TCGA-A6-6653	TCGA-COAD	COAD	1686	958	954	53.0	0.3829787234042553	0.81	1.99	0.0219	99.12772585669782	0.37383177570093457	0.4984423676012461	True	False	requires_allele_specific_cn	ready_for_limited_vaf_clustering	limited_vaf_based_clonal_clustering;requires_allele_specific_cn_for_cn_aware
TCGA-G2-A3VY-01A	TCGA-G2-A3VY	TCGA-BLCA	BLCA	989	597	178	64.0	0.2795698924731182	0.9	3.39	0.1211	31.151003167898626	48.99683210137275	19.852164730728617	True	False	requires_allele_specific_cn	ready_for_limited_vaf_clustering	limited_vaf_based_clonal_clustering;requires_allele_specific_cn_for_cn_aware
TCGA-AY-6197-01A	TCGA-AY-6197	TCGA-COAD	COAD	1645	1013	945	156.0	0.3008130081300813	0.8	2.08	-0.0217	93.51793580868471	6.230333543108873	0.2517306482064191	True	False	requires_allele_specific_cn	ready_for_limited_vaf_clustering	limited_vaf_based_clonal_clustering;requires_allele_specific_cn_for_cn_aware
TCGA-05-4397-01A	TCGA-05-4397	TCGA-LUAD	LUAD	1061	675	467	91.0	0.3924050632911392	0.87	1.99	0.09	70.23575638506877	17.288801571709232	12.475442043222005	True	False	requires_allele_specific_cn	ready_for_limited_vaf_clustering	limited_vaf_based_clonal_clustering;requires_allele_specific_cn_for_cn_aware
TCGA-NH-A5IV-01A	TCGA-NH-A5IV	TCGA-COAD	COAD	3850	2217	2217	74.0	0.3518518518518518	0.79	2.0	0.0028	100.0	0.0	0.0	True	False	requires_allele_specific_cn	ready_for_limited_vaf_clustering	limited_vaf_based_clonal_clustering;requires_allele_specific_cn_for_cn_aware
TCGA-AA-3663-01A	TCGA-AA-3663	TCGA-COAD	COAD	2898	1859	1737	135.5	0.3151217952134747	0.79	2.1	-0.0387	93.2475884244373	6.752411575562701	0.0	True	False	requires_allele_specific_cn	ready_for_limited_vaf_clustering	limited_vaf_based_clonal_clustering;requires_allele_specific_cn_for_cn_aware
TCGA-EI-6882-01A	TCGA-EI-6882	TCGA-READ	READ	1874	1124	1069	64.0	0.3488372093023256	0.79	2.03	-0.0074	95.22203485103991	4.328274311410905	0.44969083754918493	True	False	requires_allele_specific_cn	ready_for_limited_vaf_clustering	limited_vaf_based_clonal_clustering;requires_allele_specific_cn_for_cn_aware
TCGA-78-8662-01A	TCGA-78-8662	TCGA-LUAD	LUAD	1474	895	143	74.0	0.3846153846153846	0.79	2.74	0.1377	16.38537271448664	47.18706047819972	36.427566807313646	True	False	requires_allele_specific_cn	ready_for_limited_vaf_clustering	limited_vaf_based_clonal_clustering;requires_allele_specific_cn_for_cn_aware
TCGA-GD-A2C5-01A	TCGA-GD-A2C5	TCGA-BLCA	BLCA	605	365	199	78.0	0.2028985507246377	1.0	5.25	0.0482	54.83870967741935	35.483870967741936	9.67741935483871	True	False	requires_allele_specific_cn	ready_for_limited_vaf_clustering	limited_vaf_based_clonal_clustering;requires_allele_specific_cn_for_cn_aware
TCGA-50-5946-02A	TCGA-50-5946	TCGA-LUAD	LUAD	872	546	93	72.0	0.358695652173913	0.9	2.6	0.1259	15.770609318996415	48.267622461170845	35.961768219832734	True	False	requires_allele_specific_cn	ready_for_limited_vaf_clustering	limited_vaf_based_clonal_clustering;requires_allele_specific_cn_for_cn_aware
TCGA-62-A46O-01A	TCGA-62-A46O	TCGA-LUAD	LUAD	1133	685	248	48.0	0.4054054054054054	0.82	2.93	0.0658	37.071362372567194	36.70064874884152	26.227988878591287	True	False	requires_allele_specific_cn	ready_for_limited_vaf_clustering	limited_vaf_based_clonal_clustering;requires_allele_specific_cn_for_cn_aware
TCGA-KQ-A41N-01A	TCGA-KQ-A41N	TCGA-BLCA	BLCA	3583	2385	1804	42.0	0.106060606060606	0.76	1.97	0.0416	74.72022955523673	10.215208034433285	15.064562410329986	True	False	requires_allele_specific_cn	ready_for_limited_vaf_clustering	limited_vaf_based_clonal_clustering;requires_allele_specific_cn_for_cn_aware
TCGA-MV-A51V-01A	TCGA-MV-A51V	TCGA-BLCA	BLCA	1991	1317	455	76.0	0.1461538461538461	0.75	5.35	0.0022	33.88259526261586	33.470648815653966	32.646755921730175	True	False	requires_allele_specific_cn	ready_for_limited_vaf_clustering	limited_vaf_based_clonal_clustering;requires_allele_specific_cn_for_cn_aware
TCGA-N7-A4Y0-01A	TCGA-N7-A4Y0	TCGA-UCS	UCS	1044	637	447	82.0	0.38949546029192045	0.83	2.27	-0.0942	69.61770623742454	19.919517102615693	10.462776659959758	True	False	requires_allele_specific_cn	ready_for_limited_vaf_clustering	limited_vaf_based_clonal_clustering;requires_allele_specific_cn_for_cn_aware
TCGA-GV-A3QI-01A	TCGA-GV-A3QI	TCGA-BLCA	BLCA	632	367	123	63.0	0.4330845771144278	0.95	3.26	0.102	34.257748776508976	49.75530179445351	15.986949429037521	True	False	requires_allele_specific_cn	ready_for_limited_vaf_clustering	limited_vaf_based_clonal_clustering;requires_allele_specific_cn_for_cn_aware
TCGA-21-1080-01A	TCGA-21-1080	TCGA-LUSC	LUSC	1304	841	528	106.0	0.340560125342734	0.77	1.88	0.1186	63.3201581027668	22.134387351778656	14.545454545454545	True	False	requires_allele_specific_cn	ready_for_limited_vaf_clustering	limited_vaf_based_clonal_clustering;requires_allele_specific_cn_for_cn_aware
TCGA-94-8490-01A	TCGA-94-8490	TCGA-LUSC	LUSC	1265	772	554	148.0	0.3243243243243243	0.79	1.97	0.0873	70.27250206440958	18.249380677126343	11.47811725846408	True	False	requires_allele_specific_cn	ready_for_limited_vaf_clustering	limited_vaf_based_clonal_clustering;requires_allele_specific_cn_for_cn_aware
TCGA-G2-AA3B-01A	TCGA-G2-AA3B	TCGA-BLCA	BLCA	955	594	179	65.0	0.2424242424242424	0.84	1.82	0.0972	30.273224043715846	47.21311475409836	22.51366120218579	True	False	requires_allele_specific_cn	ready_for_limited_vaf_clustering	limited_vaf_based_clonal_clustering;requires_allele_specific_cn_for_cn_aware
TCGA-GC-A4ZW-01A	TCGA-GC-A4ZW	TCGA-BLCA	BLCA	902	571	171	60.0	0.1764705882352941	0.85	5.25	0.0301	31.50057273768614	42.955326460481096	25.544100801832762	True	False	requires_allele_specific_cn	ready_for_limited_vaf_clustering	limited_vaf_based_clonal_clustering;requires_allele_specific_cn_for_cn_aware
TCGA-43-6143-01A	TCGA-43-6143	TCGA-LUSC	LUSC	843	544	142	82.0	0.4146341463414634	0.86	3.42	0.0662	24.65923172242875	47.95539033457249	27.385377942998762	True	False	requires_allele_specific_cn	ready_for_limited_vaf_clustering	limited_vaf_based_clonal_clustering;requires_allele_specific_cn_for_cn_aware
TCGA-ND-A4WC-01A	TCGA-ND-A4WC	TCGA-UCS	UCS	5148	3422	3414	64.0	0.3333333333333333	0.73	2.0	0.006	99.76067012365377	0.03988831272437176	0.1994415636218588	True	False	requires_allele_specific_cn	ready_for_limited_vaf_clustering	limited_vaf_based_clonal_clustering;requires_allele_specific_cn_for_cn_aware
TCGA-90-7769-01A	TCGA-90-7769	TCGA-LUSC	LUSC	1331	889	220	76.0	0.2955465587044534	0.73	2.61	0.1339	25.11737089201878	44.91392801251956	29.968701095461658	True	False	requires_allele_specific_cn	ready_for_limited_vaf_clustering	limited_vaf_based_clonal_clustering;requires_allele_specific_cn_for_cn_aware
TCGA-QQ-A8VF-01A	TCGA-QQ-A8VF	TCGA-SARC	SARC	1342	676	103	56.0	0.42482876712328765	0.79	2.5	-0.1144	15.20882584712372	44.36564223798266	40.42553191489362	True	False	requires_allele_specific_cn	ready_for_limited_vaf_clustering	limited_vaf_based_clonal_clustering;requires_allele_specific_cn_for_cn_aware
TCGA-3B-A9HT-01A	TCGA-3B-A9HT	TCGA-SARC	SARC	504	271	239	47.0	0.2340425531914893	1.0	3.06	-0.02	89.22764227642277	7.926829268292683	2.845528455284553	True	False	requires_allele_specific_cn	ready_for_limited_vaf_clustering	limited_vaf_based_clonal_clustering;requires_allele_specific_cn_for_cn_aware
TCGA-F5-6814-01A	TCGA-F5-6814	TCGA-READ	READ	13465	8771	8332	51.0	0.2857142857142857	0.72	1.99	0.013	95.12510457068979	3.7189139858544378	1.155981443455776	True	False	requires_allele_specific_cn	ready_for_limited_vaf_clustering	limited_vaf_based_clonal_clustering;requires_allele_specific_cn_for_cn_aware
TCGA-X6-A7WB-01A	TCGA-X6-A7WB	TCGA-SARC	SARC	529	319	28	36.0	0.1025641025641025	0.96	1.8	0.2063	8.0078125	70.1171875	21.875	False	False	requires_allele_specific_cn	insufficient_neutral_mutations	copy_neutral_candidates_lt_50
TCGA-DX-A6YT-01A	TCGA-DX-A6YT	TCGA-SARC	SARC	833	508	84	33.0	0.0985915492957746	0.84	3.49	0.2154	16.811955168119553	66.3760896637609	16.811955168119553	True	False	requires_allele_specific_cn	ready_for_limited_vaf_clustering	limited_vaf_based_clonal_clustering;requires_allele_specific_cn_for_cn_aware
TCGA-90-7964-01A	TCGA-90-7964	TCGA-LUSC	LUSC	1231	738	433	72.0	0.3114754098360656	0.71	1.88	0.0729	60.89906700593723	23.324851569126377	15.776081424936386	True	False	requires_allele_specific_cn	ready_for_limited_vaf_clustering	limited_vaf_based_clonal_clustering;requires_allele_specific_cn_for_cn_aware
TCGA-NC-A5HN-01A	TCGA-NC-A5HN	TCGA-LUSC	LUSC	762	460	155	63.0	0.26773138832997984	0.82	3.11	0.0536	33.93103448275862	42.48275862068966	23.586206896551722	True	False	requires_allele_specific_cn	ready_for_limited_vaf_clustering	limited_vaf_based_clonal_clustering;requires_allele_specific_cn_for_cn_aware
TCGA-34-2600-01A	TCGA-34-2600	TCGA-LUSC	LUSC	580	382	125	139.5	0.2616985917956791	0.86	2.93	0.1149	31.48479427549195	45.61717352415027	22.898032200357783	True	False	requires_allele_specific_cn	ready_for_limited_vaf_clustering	limited_vaf_based_clonal_clustering;requires_allele_specific_cn_for_cn_aware
TCGA-51-4080-01A	TCGA-51-4080	TCGA-LUSC	LUSC	367	237	156	110.0	0.4245283018867924	0.96	2.03	0.1006	65.79710144927536	23.18840579710145	11.014492753623188	True	False	requires_allele_specific_cn	ready_for_limited_vaf_clustering	limited_vaf_based_clonal_clustering;requires_allele_specific_cn_for_cn_aware
TCGA-BA-4078-01A	TCGA-BA-4078	TCGA-HNSC	HNSC	611	355	30	114.0	0.4267515923566879	0.86	1.76	0.2059	9.199318568994888	67.63202725724021	23.168654173764907	False	False	requires_allele_specific_cn	insufficient_neutral_mutations	copy_neutral_candidates_lt_50
TCGA-X6-A7WA-01A	TCGA-X6-A7WA	TCGA-SARC	SARC	699	439	389	39.0	0.0952380952380952	0.81	1.94	0.0507	88.57566765578635	2.522255192878338	8.90207715133531	True	False	requires_allele_specific_cn	ready_for_limited_vaf_clustering	limited_vaf_based_clonal_clustering;requires_allele_specific_cn_for_cn_aware
TCGA-DX-A6YS-01A	TCGA-DX-A6YS	TCGA-SARC	SARC	582	358	160	38.0	0.0980392156862745	0.84	3.24	-0.0305	43.24324324324324	28.82882882882883	27.92792792792793	True	False	requires_allele_specific_cn	ready_for_limited_vaf_clustering	limited_vaf_based_clonal_clustering;requires_allele_specific_cn_for_cn_aware
TCGA-CV-7245-01A	TCGA-CV-7245	TCGA-HNSC	HNSC	1358	863	361	69.0	0.25	0.63	3.22	0.0915	43.527630582891746	40.878122634367905	15.594246782740349	True	False	requires_allele_specific_cn	ready_for_limited_vaf_clustering	limited_vaf_based_clonal_clustering;requires_allele_specific_cn_for_cn_aware
TCGA-KU-A66S-01A	TCGA-KU-A66S	TCGA-HNSC	HNSC	656	441	406	75.5	0.24621212121212122	0.78	2.07	-0.0248	93.14641744548287	6.074766355140187	0.778816199376947	True	False	requires_allele_specific_cn	ready_for_limited_vaf_clustering	limited_vaf_based_clonal_clustering;requires_allele_specific_cn_for_cn_aware
TCGA-CV-6935-01A	TCGA-CV-6935	TCGA-HNSC	HNSC	561	356	104	68.0	0.3728813559322034	0.8	1.85	0.1547	31.57894736842105	53.57142857142857	14.849624060150376	True	False	requires_allele_specific_cn	ready_for_limited_vaf_clustering	limited_vaf_based_clonal_clustering;requires_allele_specific_cn_for_cn_aware
TCGA-CR-7402-01A	TCGA-CR-7402	TCGA-HNSC	HNSC	1305	832	644	71.0	0.2758620689655172	0.61	2.04	0.0228	77.82225780624499	13.530824659727783	8.646917534027223	True	False	requires_allele_specific_cn	ready_for_limited_vaf_clustering	limited_vaf_based_clonal_clustering;requires_allele_specific_cn_for_cn_aware
TCGA-QK-A6VB-01A	TCGA-QK-A6VB	TCGA-HNSC	HNSC	623	400	159	86.0	0.25	0.78	3.33	0.1477	36.58940397350993	49.83443708609271	13.57615894039735	True	False	requires_allele_specific_cn	ready_for_limited_vaf_clustering	limited_vaf_based_clonal_clustering;requires_allele_specific_cn_for_cn_aware
TCGA-GS-A9TT-01A	TCGA-GS-A9TT	TCGA-DLBC	DLBC	382	191	166	69.0	0.4439613526570048	0.91	2.07	-0.03275	85.17441860465117	11.337209302325581	3.488372093023256	True	False	requires_allele_specific_cn	ready_for_limited_vaf_clustering	limited_vaf_based_clonal_clustering;requires_allele_specific_cn_for_cn_aware
TCGA-BA-4076-01A	TCGA-BA-4076	TCGA-HNSC	HNSC	433	272	192	116.0	0.4	0.85	1.99	0.108	69.11764705882354	18.137254901960784	12.745098039215685	True	False	requires_allele_specific_cn	ready_for_limited_vaf_clustering	limited_vaf_based_clonal_clustering;requires_allele_specific_cn_for_cn_aware
TCGA-CV-6961-01A	TCGA-CV-6961	TCGA-HNSC	HNSC	1515	878	726	74.0	0.2244897959183673	0.57	1.92	0.0639	82.90479499652537	7.713690062543433	9.381514940931202	True	False	requires_allele_specific_cn	ready_for_limited_vaf_clustering	limited_vaf_based_clonal_clustering;requires_allele_specific_cn_for_cn_aware
TCGA-EI-6507-01A	TCGA-EI-6507	TCGA-READ	READ	1431	883	838	81.0	0.24	0.56	2.05	-0.0132	95.15545914678236	4.772234273318872	0.07230657989877079	True	False	requires_allele_specific_cn	ready_for_limited_vaf_clustering	limited_vaf_based_clonal_clustering;requires_allele_specific_cn_for_cn_aware
TCGA-AG-A026-01A	TCGA-AG-A026	TCGA-READ	READ	301	192	100	164.0	0.294314381270903	0.9	3.02	0.0288	53.40136054421769	30.272108843537413	16.3265306122449	True	False	requires_allele_specific_cn	ready_for_limited_vaf_clustering	limited_vaf_based_clonal_clustering;requires_allele_specific_cn_for_cn_aware
TCGA-EI-6917-01A	TCGA-EI-6917	TCGA-READ	READ	7320	4642	4638	54.0	0.25	0.52	2.0	0.0024	99.91580129104688	0.042099354476564696	0.042099354476564696	True	False	requires_allele_specific_cn	ready_for_limited_vaf_clustering	limited_vaf_based_clonal_clustering;requires_allele_specific_cn_for_cn_aware
TCGA-QC-A7B5-01A	TCGA-QC-A7B5	TCGA-SARC	SARC	3539	1649	1382	59.0	0.3095238095238095	0.51	3.51	0.1322	83.52389328642627	8.941659337437702	7.534447376136031	True	False	requires_allele_specific_cn	ready_for_limited_vaf_clustering	limited_vaf_based_clonal_clustering;requires_allele_specific_cn_for_cn_aware
TCGA-DY-A1DG-01A	TCGA-DY-A1DG	TCGA-READ	READ	239	147	84	77.0	0.3	0.92	3.0	0.0838	58.97435897435897	20.94017094017094	20.085470085470085	True	False	requires_allele_specific_cn	ready_for_limited_vaf_clustering	limited_vaf_based_clonal_clustering;requires_allele_specific_cn_for_cn_aware
TCGA-FF-8042-01A	TCGA-FF-8042	TCGA-DLBC	DLBC	348	224	120	99.0	0.3625	0.82	2.34	-0.0835	53.153153153153156	34.53453453453454	12.312312312312311	True	False	requires_allele_specific_cn	ready_for_limited_vaf_clustering	limited_vaf_based_clonal_clustering;requires_allele_specific_cn_for_cn_aware
TCGA-FA-A7Q1-01A	TCGA-FA-A7Q1	TCGA-DLBC	DLBC	284	140	100	77.0	0.40483036227717073	0.88	2.17	-0.0678	66.92307692307692	27.307692307692307	5.769230769230769	True	False	requires_allele_specific_cn	ready_for_limited_vaf_clustering	limited_vaf_based_clonal_clustering;requires_allele_specific_cn_for_cn_aware
TCGA-NA-A4R1-01A	TCGA-NA-A4R1	TCGA-UCS	UCS	161	96	7	62.0	0.4210526315789473	0.97	3.64	0.2359	8.441558441558442	72.72727272727273	18.83116883116883	False	False	requires_allele_specific_cn	insufficient_neutral_mutations	copy_neutral_candidates_lt_50
TCGA-FF-8047-01A	TCGA-FF-8047	TCGA-DLBC	DLBC	172	104	91	75.5	0.42672977757253905	0.93	1.94	0.06295	87.34939759036145	4.216867469879518	8.433734939759036	True	False	requires_allele_specific_cn	ready_for_limited_vaf_clustering	limited_vaf_based_clonal_clustering;requires_allele_specific_cn_for_cn_aware
TCGA-FF-A7CX-01A	TCGA-FF-A7CX	TCGA-DLBC	DLBC	180	100	97	75.0	0.43195697748609974	0.92	1.96	0.0318	97.48427672955975	1.2578616352201257	1.2578616352201257	True	False	requires_allele_specific_cn	ready_for_limited_vaf_clustering	limited_vaf_based_clonal_clustering;requires_allele_specific_cn_for_cn_aware
TCGA-GS-A9TY-01A	TCGA-GS-A9TY	TCGA-DLBC	DLBC	238	142	55	77.5	0.4107733664185277	0.8	3.2	0.0236	37.66816143497758	42.600896860986545	19.730941704035875	True	False	requires_allele_specific_cn	ready_for_limited_vaf_clustering	limited_vaf_based_clonal_clustering;requires_allele_specific_cn_for_cn_aware
TCGA-FF-8043-01A	TCGA-FF-8043	TCGA-DLBC	DLBC	149	90	63	101.0	0.4038461538461538	0.89	1.97	0.0905	74.07407407407408	16.296296296296298	9.62962962962963	True	False	requires_allele_specific_cn	ready_for_limited_vaf_clustering	limited_vaf_based_clonal_clustering;requires_allele_specific_cn_for_cn_aware
TCGA-GS-A9TQ-01A	TCGA-GS-A9TQ	TCGA-DLBC	DLBC	273	145	45	67.0	0.1896551724137931	0.74	3.92	0.0439	34.15637860082305	34.15637860082305	31.68724279835391	False	False	requires_allele_specific_cn	insufficient_neutral_mutations	copy_neutral_candidates_lt_50
TCGA-N9-A4Q7-01A	TCGA-N9-A4Q7	TCGA-UCS	UCS	337	230	127	73.0	0.1222222222222222	0.32	3.76	0.012	55.69230769230769	22.76923076923077	21.53846153846154	True	False	requires_allele_specific_cn	ready_for_limited_vaf_clustering	limited_vaf_based_clonal_clustering;requires_allele_specific_cn_for_cn_aware
